[
  {
    "model": "home.authorpage",
    "pk": 3,
    "fields": { "name": "F. Scott Fitzgerald", "date_of_birth": "1896-09-24" }
  },
  {
    "model": "home.authorpage",
    "pk": 6,
    "fields": { "name": "Ernest Hemingway", "date_of_birth": "1899-07-21" }
  },
  {
    "model": "home.basepage",
    "pk": 4,
    "fields": {
      "body": "<p data-block-key=\"pgkm5\"><b><i>The Great Gatsby</i></b> is a 1925 <a href=\"https://en.wikipedia.org/wiki/Novel\">novel</a> by American writer <a href=\"https://en.wikipedia.org/wiki/F._Scott_Fitzgerald\">F. Scott Fitzgerald</a>. Set in the <a href=\"https://en.wikipedia.org/wiki/Jazz_Age\">Jazz Age</a> on <a href=\"https://en.wikipedia.org/wiki/Long_Island\">Long Island</a>, near New York City, the novel depicts <a href=\"https://en.wikipedia.org/wiki/First-person_narrative\">first-person</a>narrator <a href=\"https://en.wikipedia.org/wiki/Nick_Carraway\">Nick Carraway</a>&#x27;s interactions with mysterious millionaire <a href=\"https://en.wikipedia.org/wiki/Jay_Gatsby\">Jay Gatsby</a> and Gatsby&#x27;s obsession to reunite with his former lover, <a href=\"https://en.wikipedia.org/wiki/Daisy_Buchanan\">Daisy Buchanan</a>.</p><p data-block-key=\"71ch7\">The novel was inspired by a youthful romance Fitzgerald had with <a href=\"https://en.wikipedia.org/wiki/Socialite\">socialite</a> <a href=\"https://en.wikipedia.org/wiki/Ginevra_King\">Ginevra King</a>, and the riotous parties he attended on Long Island&#x27;s <a href=\"https://en.wikipedia.org/wiki/North_Shore_(Long_Island)\">North Shore</a> in 1922. Following a move to the <a href=\"https://en.wikipedia.org/wiki/French_Riviera\">French Riviera</a>, Fitzgerald completed a rough draft of the novel in 1924. He submitted it to editor <a href=\"https://en.wikipedia.org/wiki/Maxwell_Perkins\">Maxwell Perkins</a>, who persuaded Fitzgerald to revise the work over the following winter. After making revisions, Fitzgerald was satisfied with the text, but remained ambivalent about the book&#x27;s title and considered several alternatives. Painter <a href=\"https://en.wikipedia.org/wiki/Francis_Cugat\">Francis Cugat</a>&#x27;s cover art greatly impressed Fitzgerald, and he incorporated aspects of it into the novel.</p><p data-block-key=\"14ki6\">After its publication by <a href=\"https://en.wikipedia.org/wiki/Charles_Scribner%27s_Sons\">Scribner&#x27;s</a> in April 1925, <i>The Great Gatsby</i> received generally favorable reviews, though some literary critics believed it did not equal Fitzgerald&#x27;s previous efforts. Compared to his earlier novels, <i>Gatsby</i> was a commercial disappointment, selling fewer than 20,000 copies by October, and Fitzgerald&#x27;s hopes of a monetary windfall from the novel were unrealized. When the author died in 1940, he believed himself to be a failure and his work forgotten.</p><p data-block-key=\"23uc8\">During <a href=\"https://en.wikipedia.org/wiki/World_War_II\">World War II</a>, the novel experienced an abrupt surge in popularity when the <a href=\"https://en.wikipedia.org/wiki/Council_on_Books_in_Wartime\">Council on Books in Wartime</a> distributed free copies to American soldiers serving overseas. This new-found popularity launched a critical and scholarly re-examination, and the work soon became a core part of most American high school curricula and a part of American popular culture. Numerous stage and film adaptations followed in the subsequent decades.</p><p data-block-key=\"4nl7j\"><i>Gatsby</i> continues to attract popular and scholarly attention. Contemporary scholars emphasize the novel&#x27;s treatment of <a href=\"https://en.wikipedia.org/wiki/Social_class\">social class</a>, <a href=\"https://en.wikipedia.org/wiki/Old_money\">inherited</a> versus <a href=\"https://en.wikipedia.org/wiki/Nouveau_riche\">self-made wealth</a>, <a href=\"https://en.wikipedia.org/wiki/Race_and_ethnicity_in_the_United_States\">race</a>, and <a href=\"https://en.wikipedia.org/wiki/Environmentalism\">environmentalism</a>, and its cynical attitude towards the <a href=\"https://en.wikipedia.org/wiki/American_dream\">American dream</a>. One persistent item of criticism is an allegation of <a href=\"https://en.wikipedia.org/wiki/Antisemitism\">antisemitic</a>stereotyping. <i>The Great Gatsby</i> is widely considered to be a literary <a href=\"https://en.wikipedia.org/wiki/Masterwork\">masterwork</a> and a contender for the title of the <a href=\"https://en.wikipedia.org/wiki/Great_American_Novel\">Great American Novel</a>.</p>",
      "author": 3,
      "test_text_field": "The Great Gatsby",
      "test_char_field": "The Great Gatsby",
      "test_email_field": "first@page.com",
      "test_slug_field": "first-page",
      "test_url_field": "https://firstpage.com",
      "test_boolean_field": false,
      "test_float_field": 100.1,
      "test_integer_field": 100,
      "test_big_integer_field": 100,
      "test_positive_big_integer_field": 100,
      "test_positive_integer_field": 100,
      "test_positive_small_integer_field": 100,
      "test_small_integer_field": 100,
      "test_date_field": "2022-04-20",
      "test_date_time_field": "2022-04-20T22:00:00Z",
      "test_time_field": "21:00:00",
      "test_uuid_field": "8d222dbe-a635-4a33-b5d6-6795c342eb5c"
    }
  },
  {
    "model": "home.basepage",
    "pk": 5,
    "fields": {
      "body": "<p data-block-key=\"jhtnn\"><b><i>The Beautiful and Damned</i></b> is a 1922 novel by American writer <a href=\"https://en.wikipedia.org/wiki/F._Scott_Fitzgerald\">F. Scott Fitzgerald</a>, his second, that portrays New York <a href=\"https://en.wikipedia.org/wiki/Caf%C3%A9_society\">café society</a> and the American <a href=\"https://en.wikipedia.org/wiki/High_society_(social_class)\">Eastern elite</a>during the <a href=\"https://en.wikipedia.org/wiki/Jazz_Age\">Jazz Age</a>.<a href=\"https://en.wikipedia.org/wiki/The_Beautiful_and_Damned#cite_note-FOOTNOTEMizener1951138%E2%80%93143Milford197086%E2%80%9389-2\">[1]</a> As in his other novels, Fitzgerald&#x27;s characters in this novel are complex, materialistic and experience significant disruptions in respect to classism, marriage, and intimacy. </p><p data-block-key=\"fotv5\">The novel purportedly was based on the early years of Fitzgerald&#x27;s marriage to his wife <a href=\"https://en.wikipedia.org/wiki/Zelda_Fitzgerald\">Zelda Fitzgerald</a>,<a href=\"https://en.wikipedia.org/wiki/The_Beautiful_and_Damned#cite_note-FOOTNOTEMilford197088-3\">[2]</a> and many critics typically consider the work to be among Fitzgerald&#x27;s weaker novels.<a href=\"https://en.wikipedia.org/wiki/The_Beautiful_and_Damned#cite_note-FOOTNOTEElias1990266Mizener1951138%E2%80%93143Bruccoli1981155%E2%80%93156-4\">[3]</a> During the final decade of his life, Fitzgerald remarked upon the novel&#x27;s lack of quality in a letter to his wife: &quot;I wish the Beautiful and Damned had been a maturely written book because it was all true. We ruined ourselves—I have never honestly thought that we ruined each other.&quot;<a href=\"https://en.wikipedia.org/wiki/The_Beautiful_and_Damned#cite_note-FOOTNOTEBruccoli1981155-5\">[4]</a></p>",
      "author": 3,
      "test_text_field": "The Beautiful and Damned",
      "test_char_field": "The Beautiful and Damned",
      "test_email_field": "second@page.com",
      "test_slug_field": "second-page",
      "test_url_field": "https://secondpage.com",
      "test_boolean_field": false,
      "test_float_field": 200.2,
      "test_integer_field": 200,
      "test_big_integer_field": 200,
      "test_positive_big_integer_field": 200,
      "test_positive_integer_field": 200,
      "test_positive_small_integer_field": 200,
      "test_small_integer_field": 200,
      "test_date_field": "1922-04-21",
      "test_date_time_field": "1922-04-21T21:00:00Z",
      "test_time_field": "21:00:00",
      "test_uuid_field": "f5d76a8a-8891-47e9-b75e-fdb32f9c6f22"
    }
  },
  {
    "model": "home.basepage",
    "pk": 7,
    "fields": {
      "body": "<p data-block-key=\"bf4rq\"><b><i>The Sun Also Rises</i></b> is a 1926 novel by American writer <a href=\"https://en.wikipedia.org/wiki/Ernest_Hemingway\">Ernest Hemingway</a>, his first, that portrays American and British expatriates who travel from <a href=\"https://en.wikipedia.org/wiki/Paris\">Paris</a> to the <a href=\"https://en.wikipedia.org/wiki/Festival_of_San_Ferm%C3%ADn\">Festival of San Fermín</a> in <a href=\"https://en.wikipedia.org/wiki/Pamplona\">Pamplona</a> to watch the <a href=\"https://en.wikipedia.org/wiki/Running_of_the_bulls\">running of the bulls</a> and the <a href=\"https://en.wikipedia.org/wiki/Bullfights\">bullfights</a>. An early and enduring <a href=\"https://en.wikipedia.org/wiki/Modernist\">modernist</a> novel, it received mixed reviews upon publication. However, Hemingway biographer Jeffrey Meyers writes that it is now &quot;recognized as Hemingway&#x27;s greatest work&quot;,<a href=\"https://en.wikipedia.org/wiki/The_Sun_Also_Rises#cite_note-Meyers_p192-2\">[2]</a> and Hemingway scholar Linda Wagner-Martin calls it his most important novel.<a href=\"https://en.wikipedia.org/wiki/The_Sun_Also_Rises#cite_note-3\">[3]</a> The novel was published in the United States in October 1926 by <a href=\"https://en.wikipedia.org/wiki/Scribner%27s_Magazine\">Scribner&#x27;s</a>. A year later, <a href=\"https://en.wikipedia.org/wiki/Jonathan_Cape\">Jonathan Cape</a> published the novel in London under the title <b><i>Fiesta</i></b>. It remains in print.</p><p data-block-key=\"2vsl4\">The novel is a <a href=\"https://en.wikipedia.org/wiki/Roman_%C3%A0_clef\"><i>roman à clef</i></a>: the characters are based on real people in Hemingway&#x27;s circle, and the action is based on real events, particularly Hemingway&#x27;s life in Paris in the 1920s and a trip to Spain in 1925 for the Pamplona festival and fishing in the Pyrenees. Hemingway presents his notion that the &quot;<a href=\"https://en.wikipedia.org/wiki/Lost_Generation\">Lost Generation</a>&quot;—considered to have been decadent, dissolute, and irretrievably damaged by <a href=\"https://en.wikipedia.org/wiki/World_War_I\">World War I</a>—was in fact resilient and strong.<a href=\"https://en.wikipedia.org/wiki/The_Sun_Also_Rises#cite_note-Baker_p82-4\">[4]</a> Hemingway investigates the themes of love and death, the revivifying power of nature, and the concept of masculinity. His spare writing style, combined with his restrained use of description to convey characterizations and action, demonstrates his &quot;<a href=\"https://en.wikipedia.org/wiki/Iceberg_Theory\">Iceberg Theory</a>&quot; of writing.</p>",
      "author": 6,
      "test_text_field": "The Sun Also Rises",
      "test_char_field": "The Sun Also Rises",
      "test_email_field": "sun@rises.com",
      "test_slug_field": "the-sun-also-rises",
      "test_url_field": "https://the-sun-also-rises.com",
      "test_boolean_field": false,
      "test_float_field": 300.3,
      "test_integer_field": 300,
      "test_big_integer_field": 300,
      "test_positive_big_integer_field": 300,
      "test_positive_integer_field": 300,
      "test_positive_small_integer_field": 300,
      "test_small_integer_field": 300,
      "test_date_field": "1926-10-01",
      "test_date_time_field": "1926-10-01T22:00:00Z",
      "test_time_field": "20:00:00",
      "test_uuid_field": "8ddc2f9e-ce09-4406-af48-1e4393ad8660"
    }
  },
  {
    "model": "wagtailcore.locale",
    "pk": 1,
    "fields": { "language_code": "en" }
  },
  {
    "model": "wagtailcore.site",
    "pk": 1,
    "fields": {
      "hostname": "localhost",
      "port": 80,
      "site_name": "",
      "root_page": 2,
      "is_default_site": true
    }
  },
  {
    "model": "wagtailcore.collection",
    "pk": 1,
    "fields": { "path": "0001", "depth": 1, "numchild": 0, "name": "Root" }
  },
  {
    "model": "wagtailcore.groupcollectionpermission",
    "pk": 1,
    "fields": { "group": 2, "collection": 1, "permission": 2 }
  },
  {
    "model": "wagtailcore.groupcollectionpermission",
    "pk": 2,
    "fields": { "group": 1, "collection": 1, "permission": 2 }
  },
  {
    "model": "wagtailcore.groupcollectionpermission",
    "pk": 3,
    "fields": { "group": 2, "collection": 1, "permission": 3 }
  },
  {
    "model": "wagtailcore.groupcollectionpermission",
    "pk": 4,
    "fields": { "group": 1, "collection": 1, "permission": 3 }
  },
  {
    "model": "wagtailcore.groupcollectionpermission",
    "pk": 5,
    "fields": { "group": 2, "collection": 1, "permission": 5 }
  },
  {
    "model": "wagtailcore.groupcollectionpermission",
    "pk": 6,
    "fields": { "group": 1, "collection": 1, "permission": 5 }
  },
  {
    "model": "wagtailcore.groupcollectionpermission",
    "pk": 7,
    "fields": { "group": 2, "collection": 1, "permission": 6 }
  },
  {
    "model": "wagtailcore.groupcollectionpermission",
    "pk": 8,
    "fields": { "group": 1, "collection": 1, "permission": 6 }
  },
  {
    "model": "wagtailcore.groupcollectionpermission",
    "pk": 9,
    "fields": { "group": 2, "collection": 1, "permission": 7 }
  },
  {
    "model": "wagtailcore.groupcollectionpermission",
    "pk": 10,
    "fields": { "group": 1, "collection": 1, "permission": 7 }
  },
  {
    "model": "wagtailcore.groupcollectionpermission",
    "pk": 11,
    "fields": { "group": 2, "collection": 1, "permission": 9 }
  },
  {
    "model": "wagtailcore.groupcollectionpermission",
    "pk": 12,
    "fields": { "group": 1, "collection": 1, "permission": 9 }
  },
  {
    "model": "wagtailcore.page",
    "pk": 1,
    "fields": {
      "path": "0001",
      "depth": 1,
      "numchild": 1,
      "translation_key": "c1eb65f5-7d3f-46fb-9094-07140a2330a9",
      "locale": 1,
      "title": "Root",
      "draft_title": "Root",
      "slug": "root",
      "content_type": 1,
      "live": true,
      "has_unpublished_changes": false,
      "url_path": "/",
      "owner": null,
      "seo_title": "",
      "show_in_menus": false,
      "search_description": "",
      "go_live_at": null,
      "expire_at": null,
      "expired": false,
      "locked": false,
      "locked_at": null,
      "locked_by": null,
      "first_published_at": null,
      "last_published_at": null,
      "latest_revision_created_at": null,
      "live_revision": null,
      "alias_of": null
    }
  },
  {
    "model": "wagtailcore.page",
    "pk": 2,
    "fields": {
      "path": "00010001",
      "depth": 2,
      "numchild": 5,
      "translation_key": "4bca31d9-b41b-4249-8891-199c6ced89e0",
      "locale": 1,
      "title": "Welcome to your new Wagtail site!",
      "draft_title": "Welcome to your new Wagtail site!",
      "slug": "home",
      "content_type": 1,
      "live": true,
      "has_unpublished_changes": false,
      "url_path": "/home/",
      "owner": null,
      "seo_title": "",
      "show_in_menus": false,
      "search_description": "",
      "go_live_at": null,
      "expire_at": null,
      "expired": false,
      "locked": false,
      "locked_at": null,
      "locked_by": null,
      "first_published_at": null,
      "last_published_at": null,
      "latest_revision_created_at": null,
      "live_revision": null,
      "alias_of": null
    }
  },
  {
    "model": "wagtailcore.page",
    "pk": 3,
    "fields": {
      "path": "000100010001",
      "depth": 3,
      "numchild": 0,
      "translation_key": "03df23a1-8589-4f53-8e02-61e9e7b17ce5",
      "locale": 1,
      "title": "F. Scott Fitzgerald",
      "draft_title": "F. Scott Fitzgerald",
      "slug": "author-page",
      "content_type": 7,
      "live": true,
      "has_unpublished_changes": false,
      "url_path": "/home/author-page/",
      "owner": 1,
      "seo_title": "",
      "show_in_menus": false,
      "search_description": "",
      "go_live_at": null,
      "expire_at": null,
      "expired": false,
      "locked": false,
      "locked_at": null,
      "locked_by": null,
      "first_published_at": "2022-04-20T19:37:34.114Z",
      "last_published_at": "2022-04-20T19:45:34.889Z",
      "latest_revision_created_at": "2022-04-20T19:45:34.864Z",
      "live_revision": 6,
      "alias_of": null
    }
  },
  {
    "model": "wagtailcore.page",
    "pk": 4,
    "fields": {
      "path": "000100010002",
      "depth": 3,
      "numchild": 0,
      "translation_key": "bf68d9f9-e6a8-46da-8820-2d23ea9e2106",
      "locale": 1,
      "title": "The Great Gatsby",
      "draft_title": "The Great Gatsby",
      "slug": "first-page",
      "content_type": 6,
      "live": true,
      "has_unpublished_changes": false,
      "url_path": "/home/first-page/",
      "owner": 1,
      "seo_title": "",
      "show_in_menus": false,
      "search_description": "",
      "go_live_at": null,
      "expire_at": null,
      "expired": false,
      "locked": false,
      "locked_at": null,
      "locked_by": null,
      "first_published_at": "2022-04-20T19:38:49.471Z",
      "last_published_at": "2022-04-20T19:46:16.527Z",
      "latest_revision_created_at": "2022-04-20T19:46:16.507Z",
      "live_revision": 7,
      "alias_of": null
    }
  },
  {
    "model": "wagtailcore.page",
    "pk": 5,
    "fields": {
      "path": "000100010003",
      "depth": 3,
      "numchild": 0,
      "translation_key": "9ed2cb8a-5f4e-49f3-bf69-4b02d9bce2df",
      "locale": 1,
      "title": "The Beautiful and Damned",
      "draft_title": "The Beautiful and Damned",
      "slug": "second-page",
      "content_type": 6,
      "live": true,
      "has_unpublished_changes": false,
      "url_path": "/home/second-page/",
      "owner": 1,
      "seo_title": "",
      "show_in_menus": false,
      "search_description": "",
      "go_live_at": null,
      "expire_at": null,
      "expired": false,
      "locked": false,
      "locked_at": null,
      "locked_by": null,
      "first_published_at": "2022-04-20T19:39:58.875Z",
      "last_published_at": "2022-04-20T19:47:07.226Z",
      "latest_revision_created_at": "2022-04-20T19:47:07.208Z",
      "live_revision": 8,
      "alias_of": null
    }
  },
  {
    "model": "wagtailcore.page",
    "pk": 6,
    "fields": {
      "path": "000100010004",
      "depth": 3,
      "numchild": 0,
      "translation_key": "b9f895b9-6c57-4602-b33d-f0bad4b506fc",
      "locale": 1,
      "title": "Ernest Hemingway",
      "draft_title": "Ernest Hemingway",
      "slug": "ernest-hemingway",
      "content_type": 7,
      "live": true,
      "has_unpublished_changes": false,
      "url_path": "/home/ernest-hemingway/",
      "owner": 1,
      "seo_title": "",
      "show_in_menus": false,
      "search_description": "",
      "go_live_at": null,
      "expire_at": null,
      "expired": false,
      "locked": false,
      "locked_at": null,
      "locked_by": null,
      "first_published_at": "2022-04-20T19:41:52.018Z",
      "last_published_at": "2022-04-20T19:41:52.018Z",
      "latest_revision_created_at": "2022-04-20T19:41:52.007Z",
      "live_revision": 4,
      "alias_of": null
    }
  },
  {
    "model": "wagtailcore.page",
    "pk": 7,
    "fields": {
      "path": "000100010005",
      "depth": 3,
      "numchild": 0,
      "translation_key": "7f9f22e7-82b0-44ca-9e55-8bc87aa4ee06",
      "locale": 1,
      "title": "The Sun Also Rises",
      "draft_title": "The Sun Also Rises",
      "slug": "the-sun-also-rises",
      "content_type": 6,
      "live": true,
      "has_unpublished_changes": false,
      "url_path": "/home/the-sun-also-rises/",
      "owner": 1,
      "seo_title": "",
      "show_in_menus": false,
      "search_description": "",
      "go_live_at": null,
      "expire_at": null,
      "expired": false,
      "locked": false,
      "locked_at": null,
      "locked_by": null,
      "first_published_at": "2022-04-20T19:44:50.511Z",
      "last_published_at": "2022-04-20T19:44:50.511Z",
      "latest_revision_created_at": "2022-04-20T19:44:50.496Z",
      "live_revision": 5,
      "alias_of": null
    }
  },
  {
    "model": "wagtailcore.pagerevision",
    "pk": 1,
    "fields": {
      "page": 3,
      "submitted_for_moderation": false,
      "created_at": "2022-04-20T19:37:34.103Z",
      "user": 1,
      "content_json": "{\"pk\": 3, \"path\": \"000100010001\", \"depth\": 3, \"numchild\": 0, \"translation_key\": \"03df23a1-8589-4f53-8e02-61e9e7b17ce5\", \"locale\": 1, \"title\": \"Author page\", \"draft_title\": \"Author page\", \"slug\": \"author-page\", \"content_type\": 7, \"live\": true, \"has_unpublished_changes\": false, \"url_path\": \"/home/author-page/\", \"owner\": 1, \"seo_title\": \"\", \"show_in_menus\": false, \"search_description\": \"\", \"go_live_at\": null, \"expire_at\": null, \"expired\": false, \"locked\": false, \"locked_at\": null, \"locked_by\": null, \"first_published_at\": null, \"last_published_at\": null, \"latest_revision_created_at\": null, \"live_revision\": null, \"alias_of\": null, \"name\": \"Author Name\", \"date_of_birth\": \"1984-04-12\", \"wagtail_admin_comments\": [], \"basepage_set\": []}",
      "approved_go_live_at": null
    }
  },
  {
    "model": "wagtailcore.pagerevision",
    "pk": 2,
    "fields": {
      "page": 4,
      "submitted_for_moderation": false,
      "created_at": "2022-04-20T19:38:49.457Z",
      "user": 1,
      "content_json": "{\"pk\": 4, \"path\": \"000100010002\", \"depth\": 3, \"numchild\": 0, \"translation_key\": \"bf68d9f9-e6a8-46da-8820-2d23ea9e2106\", \"locale\": 1, \"title\": \"First page\", \"draft_title\": \"First page\", \"slug\": \"first-page\", \"content_type\": 6, \"live\": true, \"has_unpublished_changes\": false, \"url_path\": \"/home/first-page/\", \"owner\": 1, \"seo_title\": \"\", \"show_in_menus\": false, \"search_description\": \"\", \"go_live_at\": null, \"expire_at\": null, \"expired\": false, \"locked\": false, \"locked_at\": null, \"locked_by\": null, \"first_published_at\": null, \"last_published_at\": null, \"latest_revision_created_at\": null, \"live_revision\": null, \"alias_of\": null, \"body\": \"<p data-block-key=\\\"pgkm5\\\">First page</p>\", \"author\": 3, \"test_text_field\": \"First page\", \"test_char_field\": \"First page\", \"test_email_field\": \"first@page.com\", \"test_slug_field\": \"first-page\", \"test_url_field\": \"https://firstpage.com\", \"test_boolean_field\": false, \"test_float_field\": 100.1, \"test_integer_field\": 100, \"test_big_integer_field\": 100, \"test_positive_big_integer_field\": 100, \"test_positive_integer_field\": 100, \"test_positive_small_integer_field\": 100, \"test_small_integer_field\": 100, \"test_date_field\": \"2022-04-20\", \"test_date_time_field\": \"2022-04-20T22:00:00Z\", \"test_time_field\": \"21:00:00\", \"test_uuid_field\": \"8d222dbe-a635-4a33-b5d6-6795c342eb5c\", \"wagtail_admin_comments\": []}",
      "approved_go_live_at": null
    }
  },
  {
    "model": "wagtailcore.pagerevision",
    "pk": 3,
    "fields": {
      "page": 5,
      "submitted_for_moderation": false,
      "created_at": "2022-04-20T19:39:58.861Z",
      "user": 1,
      "content_json": "{\"pk\": 5, \"path\": \"000100010003\", \"depth\": 3, \"numchild\": 0, \"translation_key\": \"9ed2cb8a-5f4e-49f3-bf69-4b02d9bce2df\", \"locale\": 1, \"title\": \"Second page\", \"draft_title\": \"Second page\", \"slug\": \"second-page\", \"content_type\": 6, \"live\": true, \"has_unpublished_changes\": false, \"url_path\": \"/home/second-page/\", \"owner\": 1, \"seo_title\": \"\", \"show_in_menus\": false, \"search_description\": \"\", \"go_live_at\": null, \"expire_at\": null, \"expired\": false, \"locked\": false, \"locked_at\": null, \"locked_by\": null, \"first_published_at\": null, \"last_published_at\": null, \"latest_revision_created_at\": null, \"live_revision\": null, \"alias_of\": null, \"body\": \"<p data-block-key=\\\"jhtnn\\\">Second page</p>\", \"author\": 3, \"test_text_field\": \"Second page\", \"test_char_field\": \"Second page\", \"test_email_field\": \"second@page.com\", \"test_slug_field\": \"second-page\", \"test_url_field\": \"https://secondpage.com\", \"test_boolean_field\": false, \"test_float_field\": 200.2, \"test_integer_field\": 200, \"test_big_integer_field\": 200, \"test_positive_big_integer_field\": 200, \"test_positive_integer_field\": 200, \"test_positive_small_integer_field\": 200, \"test_small_integer_field\": 200, \"test_date_field\": \"2022-04-21\", \"test_date_time_field\": \"2022-04-21T21:00:00Z\", \"test_time_field\": \"21:00:00\", \"test_uuid_field\": \"f5d76a8a-8891-47e9-b75e-fdb32f9c6f22\", \"wagtail_admin_comments\": []}",
      "approved_go_live_at": null
    }
  },
  {
    "model": "wagtailcore.pagerevision",
    "pk": 4,
    "fields": {
      "page": 6,
      "submitted_for_moderation": false,
      "created_at": "2022-04-20T19:41:52.007Z",
      "user": 1,
      "content_json": "{\"pk\": 6, \"path\": \"000100010004\", \"depth\": 3, \"numchild\": 0, \"translation_key\": \"b9f895b9-6c57-4602-b33d-f0bad4b506fc\", \"locale\": 1, \"title\": \"Ernest Hemingway\", \"draft_title\": \"Ernest Hemingway\", \"slug\": \"ernest-hemingway\", \"content_type\": 7, \"live\": true, \"has_unpublished_changes\": false, \"url_path\": \"/home/ernest-hemingway/\", \"owner\": 1, \"seo_title\": \"\", \"show_in_menus\": false, \"search_description\": \"\", \"go_live_at\": null, \"expire_at\": null, \"expired\": false, \"locked\": false, \"locked_at\": null, \"locked_by\": null, \"first_published_at\": null, \"last_published_at\": null, \"latest_revision_created_at\": null, \"live_revision\": null, \"alias_of\": null, \"name\": \"Ernest Hemingway\", \"date_of_birth\": \"1899-07-21\", \"wagtail_admin_comments\": [], \"basepage_set\": []}",
      "approved_go_live_at": null
    }
  },
  {
    "model": "wagtailcore.pagerevision",
    "pk": 5,
    "fields": {
      "page": 7,
      "submitted_for_moderation": false,
      "created_at": "2022-04-20T19:44:50.496Z",
      "user": 1,
      "content_json": "{\"pk\": 7, \"path\": \"000100010005\", \"depth\": 3, \"numchild\": 0, \"translation_key\": \"7f9f22e7-82b0-44ca-9e55-8bc87aa4ee06\", \"locale\": 1, \"title\": \"The Sun Also Rises\", \"draft_title\": \"The Sun Also Rises\", \"slug\": \"the-sun-also-rises\", \"content_type\": 6, \"live\": true, \"has_unpublished_changes\": false, \"url_path\": \"/home/the-sun-also-rises/\", \"owner\": 1, \"seo_title\": \"\", \"show_in_menus\": false, \"search_description\": \"\", \"go_live_at\": null, \"expire_at\": null, \"expired\": false, \"locked\": false, \"locked_at\": null, \"locked_by\": null, \"first_published_at\": null, \"last_published_at\": null, \"latest_revision_created_at\": null, \"live_revision\": null, \"alias_of\": null, \"body\": \"<p data-block-key=\\\"bf4rq\\\"><b><i>The Sun Also Rises</i></b> is a 1926 novel by American writer <a href=\\\"https://en.wikipedia.org/wiki/Ernest_Hemingway\\\">Ernest Hemingway</a>, his first, that portrays American and British expatriates who travel from <a href=\\\"https://en.wikipedia.org/wiki/Paris\\\">Paris</a> to the <a href=\\\"https://en.wikipedia.org/wiki/Festival_of_San_Ferm%C3%ADn\\\">Festival of San Ferm\\u00edn</a> in <a href=\\\"https://en.wikipedia.org/wiki/Pamplona\\\">Pamplona</a> to watch the <a href=\\\"https://en.wikipedia.org/wiki/Running_of_the_bulls\\\">running of the bulls</a> and the <a href=\\\"https://en.wikipedia.org/wiki/Bullfights\\\">bullfights</a>. An early and enduring <a href=\\\"https://en.wikipedia.org/wiki/Modernist\\\">modernist</a> novel, it received mixed reviews upon publication. However, Hemingway biographer Jeffrey Meyers writes that it is now &quot;recognized as Hemingway&#x27;s greatest work&quot;,<a href=\\\"https://en.wikipedia.org/wiki/The_Sun_Also_Rises#cite_note-Meyers_p192-2\\\">[2]</a> and Hemingway scholar Linda Wagner-Martin calls it his most important novel.<a href=\\\"https://en.wikipedia.org/wiki/The_Sun_Also_Rises#cite_note-3\\\">[3]</a> The novel was published in the United States in October 1926 by <a href=\\\"https://en.wikipedia.org/wiki/Scribner%27s_Magazine\\\">Scribner&#x27;s</a>. A year later, <a href=\\\"https://en.wikipedia.org/wiki/Jonathan_Cape\\\">Jonathan Cape</a> published the novel in London under the title <b><i>Fiesta</i></b>. It remains in print.</p><p data-block-key=\\\"2vsl4\\\">The novel is a <a href=\\\"https://en.wikipedia.org/wiki/Roman_%C3%A0_clef\\\"><i>roman \\u00e0 clef</i></a>: the characters are based on real people in Hemingway&#x27;s circle, and the action is based on real events, particularly Hemingway&#x27;s life in Paris in the 1920s and a trip to Spain in 1925 for the Pamplona festival and fishing in the Pyrenees. Hemingway presents his notion that the &quot;<a href=\\\"https://en.wikipedia.org/wiki/Lost_Generation\\\">Lost Generation</a>&quot;\\u2014considered to have been decadent, dissolute, and irretrievably damaged by <a href=\\\"https://en.wikipedia.org/wiki/World_War_I\\\">World War I</a>\\u2014was in fact resilient and strong.<a href=\\\"https://en.wikipedia.org/wiki/The_Sun_Also_Rises#cite_note-Baker_p82-4\\\">[4]</a> Hemingway investigates the themes of love and death, the revivifying power of nature, and the concept of masculinity. His spare writing style, combined with his restrained use of description to convey characterizations and action, demonstrates his &quot;<a href=\\\"https://en.wikipedia.org/wiki/Iceberg_Theory\\\">Iceberg Theory</a>&quot; of writing.</p>\", \"author\": 6, \"test_text_field\": \"The Sun Also Rises\", \"test_char_field\": \"The Sun Also Rises\", \"test_email_field\": \"sun@rises.com\", \"test_slug_field\": \"the-sun-also-rises\", \"test_url_field\": \"https://the-sun-also-rises.com\", \"test_boolean_field\": false, \"test_float_field\": 300.3, \"test_integer_field\": 300, \"test_big_integer_field\": 300, \"test_positive_big_integer_field\": 300, \"test_positive_integer_field\": 300, \"test_positive_small_integer_field\": 300, \"test_small_integer_field\": 300, \"test_date_field\": \"1926-10-01\", \"test_date_time_field\": \"1926-10-01T22:00:00Z\", \"test_time_field\": \"20:00:00\", \"test_uuid_field\": \"8ddc2f9e-ce09-4406-af48-1e4393ad8660\", \"wagtail_admin_comments\": []}",
      "approved_go_live_at": null
    }
  },
  {
    "model": "wagtailcore.pagerevision",
    "pk": 6,
    "fields": {
      "page": 3,
      "submitted_for_moderation": false,
      "created_at": "2022-04-20T19:45:34.864Z",
      "user": 1,
      "content_json": "{\"pk\": 3, \"path\": \"000100010001\", \"depth\": 3, \"numchild\": 0, \"translation_key\": \"03df23a1-8589-4f53-8e02-61e9e7b17ce5\", \"locale\": 1, \"title\": \"F. Scott Fitzgerald\", \"draft_title\": \"Author page\", \"slug\": \"author-page\", \"content_type\": 7, \"live\": true, \"has_unpublished_changes\": false, \"url_path\": \"/home/author-page/\", \"owner\": 1, \"seo_title\": \"\", \"show_in_menus\": false, \"search_description\": \"\", \"go_live_at\": null, \"expire_at\": null, \"expired\": false, \"locked\": false, \"locked_at\": null, \"locked_by\": null, \"first_published_at\": \"2022-04-20T19:37:34.114Z\", \"last_published_at\": \"2022-04-20T19:37:34.114Z\", \"latest_revision_created_at\": \"2022-04-20T19:37:34.103Z\", \"live_revision\": 1, \"alias_of\": null, \"name\": \"F. Scott Fitzgerald\", \"date_of_birth\": \"1896-09-24\", \"wagtail_admin_comments\": [], \"basepage_set\": [{\"pk\": 4, \"path\": \"000100010002\", \"depth\": 3, \"numchild\": 0, \"translation_key\": \"bf68d9f9-e6a8-46da-8820-2d23ea9e2106\", \"locale\": 1, \"title\": \"First page\", \"draft_title\": \"First page\", \"slug\": \"first-page\", \"content_type\": 6, \"live\": true, \"has_unpublished_changes\": false, \"url_path\": \"/home/first-page/\", \"owner\": 1, \"seo_title\": \"\", \"show_in_menus\": false, \"search_description\": \"\", \"go_live_at\": null, \"expire_at\": null, \"expired\": false, \"locked\": false, \"locked_at\": null, \"locked_by\": null, \"first_published_at\": \"2022-04-20T19:38:49.471Z\", \"last_published_at\": \"2022-04-20T19:38:49.471Z\", \"latest_revision_created_at\": \"2022-04-20T19:38:49.457Z\", \"live_revision\": 2, \"alias_of\": null, \"body\": \"<p data-block-key=\\\"pgkm5\\\">First page</p>\", \"author\": 3, \"test_text_field\": \"First page\", \"test_char_field\": \"First page\", \"test_email_field\": \"first@page.com\", \"test_slug_field\": \"first-page\", \"test_url_field\": \"https://firstpage.com\", \"test_boolean_field\": false, \"test_float_field\": 100.1, \"test_integer_field\": 100, \"test_big_integer_field\": 100, \"test_positive_big_integer_field\": 100, \"test_positive_integer_field\": 100, \"test_positive_small_integer_field\": 100, \"test_small_integer_field\": 100, \"test_date_field\": \"2022-04-20\", \"test_date_time_field\": \"2022-04-20T22:00:00Z\", \"test_time_field\": \"21:00:00\", \"test_uuid_field\": \"8d222dbe-a635-4a33-b5d6-6795c342eb5c\", \"wagtail_admin_comments\": []}, {\"pk\": 5, \"path\": \"000100010003\", \"depth\": 3, \"numchild\": 0, \"translation_key\": \"9ed2cb8a-5f4e-49f3-bf69-4b02d9bce2df\", \"locale\": 1, \"title\": \"Second page\", \"draft_title\": \"Second page\", \"slug\": \"second-page\", \"content_type\": 6, \"live\": true, \"has_unpublished_changes\": false, \"url_path\": \"/home/second-page/\", \"owner\": 1, \"seo_title\": \"\", \"show_in_menus\": false, \"search_description\": \"\", \"go_live_at\": null, \"expire_at\": null, \"expired\": false, \"locked\": false, \"locked_at\": null, \"locked_by\": null, \"first_published_at\": \"2022-04-20T19:39:58.875Z\", \"last_published_at\": \"2022-04-20T19:39:58.875Z\", \"latest_revision_created_at\": \"2022-04-20T19:39:58.861Z\", \"live_revision\": 3, \"alias_of\": null, \"body\": \"<p data-block-key=\\\"jhtnn\\\">Second page</p>\", \"author\": 3, \"test_text_field\": \"Second page\", \"test_char_field\": \"Second page\", \"test_email_field\": \"second@page.com\", \"test_slug_field\": \"second-page\", \"test_url_field\": \"https://secondpage.com\", \"test_boolean_field\": false, \"test_float_field\": 200.2, \"test_integer_field\": 200, \"test_big_integer_field\": 200, \"test_positive_big_integer_field\": 200, \"test_positive_integer_field\": 200, \"test_positive_small_integer_field\": 200, \"test_small_integer_field\": 200, \"test_date_field\": \"2022-04-21\", \"test_date_time_field\": \"2022-04-21T21:00:00Z\", \"test_time_field\": \"21:00:00\", \"test_uuid_field\": \"f5d76a8a-8891-47e9-b75e-fdb32f9c6f22\", \"wagtail_admin_comments\": []}]}",
      "approved_go_live_at": null
    }
  },
  {
    "model": "wagtailcore.pagerevision",
    "pk": 7,
    "fields": {
      "page": 4,
      "submitted_for_moderation": false,
      "created_at": "2022-04-20T19:46:16.507Z",
      "user": 1,
      "content_json": "{\"pk\": 4, \"path\": \"000100010002\", \"depth\": 3, \"numchild\": 0, \"translation_key\": \"bf68d9f9-e6a8-46da-8820-2d23ea9e2106\", \"locale\": 1, \"title\": \"The Great Gatsby\", \"draft_title\": \"First page\", \"slug\": \"first-page\", \"content_type\": 6, \"live\": true, \"has_unpublished_changes\": false, \"url_path\": \"/home/first-page/\", \"owner\": 1, \"seo_title\": \"\", \"show_in_menus\": false, \"search_description\": \"\", \"go_live_at\": null, \"expire_at\": null, \"expired\": false, \"locked\": false, \"locked_at\": null, \"locked_by\": null, \"first_published_at\": \"2022-04-20T19:38:49.471Z\", \"last_published_at\": \"2022-04-20T19:38:49.471Z\", \"latest_revision_created_at\": \"2022-04-20T19:38:49.457Z\", \"live_revision\": 2, \"alias_of\": null, \"body\": \"<p data-block-key=\\\"pgkm5\\\"><b><i>The Great Gatsby</i></b> is a 1925 <a href=\\\"https://en.wikipedia.org/wiki/Novel\\\">novel</a> by American writer <a href=\\\"https://en.wikipedia.org/wiki/F._Scott_Fitzgerald\\\">F. Scott Fitzgerald</a>. Set in the <a href=\\\"https://en.wikipedia.org/wiki/Jazz_Age\\\">Jazz Age</a> on <a href=\\\"https://en.wikipedia.org/wiki/Long_Island\\\">Long Island</a>, near New York City, the novel depicts <a href=\\\"https://en.wikipedia.org/wiki/First-person_narrative\\\">first-person</a>narrator <a href=\\\"https://en.wikipedia.org/wiki/Nick_Carraway\\\">Nick Carraway</a>&#x27;s interactions with mysterious millionaire <a href=\\\"https://en.wikipedia.org/wiki/Jay_Gatsby\\\">Jay Gatsby</a> and Gatsby&#x27;s obsession to reunite with his former lover, <a href=\\\"https://en.wikipedia.org/wiki/Daisy_Buchanan\\\">Daisy Buchanan</a>.</p><p data-block-key=\\\"71ch7\\\">The novel was inspired by a youthful romance Fitzgerald had with <a href=\\\"https://en.wikipedia.org/wiki/Socialite\\\">socialite</a> <a href=\\\"https://en.wikipedia.org/wiki/Ginevra_King\\\">Ginevra King</a>, and the riotous parties he attended on Long Island&#x27;s <a href=\\\"https://en.wikipedia.org/wiki/North_Shore_(Long_Island)\\\">North Shore</a> in 1922. Following a move to the <a href=\\\"https://en.wikipedia.org/wiki/French_Riviera\\\">French Riviera</a>, Fitzgerald completed a rough draft of the novel in 1924. He submitted it to editor <a href=\\\"https://en.wikipedia.org/wiki/Maxwell_Perkins\\\">Maxwell Perkins</a>, who persuaded Fitzgerald to revise the work over the following winter. After making revisions, Fitzgerald was satisfied with the text, but remained ambivalent about the book&#x27;s title and considered several alternatives. Painter <a href=\\\"https://en.wikipedia.org/wiki/Francis_Cugat\\\">Francis Cugat</a>&#x27;s cover art greatly impressed Fitzgerald, and he incorporated aspects of it into the novel.</p><p data-block-key=\\\"14ki6\\\">After its publication by <a href=\\\"https://en.wikipedia.org/wiki/Charles_Scribner%27s_Sons\\\">Scribner&#x27;s</a> in April 1925, <i>The Great Gatsby</i> received generally favorable reviews, though some literary critics believed it did not equal Fitzgerald&#x27;s previous efforts. Compared to his earlier novels, <i>Gatsby</i> was a commercial disappointment, selling fewer than 20,000 copies by October, and Fitzgerald&#x27;s hopes of a monetary windfall from the novel were unrealized. When the author died in 1940, he believed himself to be a failure and his work forgotten.</p><p data-block-key=\\\"23uc8\\\">During <a href=\\\"https://en.wikipedia.org/wiki/World_War_II\\\">World War II</a>, the novel experienced an abrupt surge in popularity when the <a href=\\\"https://en.wikipedia.org/wiki/Council_on_Books_in_Wartime\\\">Council on Books in Wartime</a> distributed free copies to American soldiers serving overseas. This new-found popularity launched a critical and scholarly re-examination, and the work soon became a core part of most American high school curricula and a part of American popular culture. Numerous stage and film adaptations followed in the subsequent decades.</p><p data-block-key=\\\"4nl7j\\\"><i>Gatsby</i> continues to attract popular and scholarly attention. Contemporary scholars emphasize the novel&#x27;s treatment of <a href=\\\"https://en.wikipedia.org/wiki/Social_class\\\">social class</a>, <a href=\\\"https://en.wikipedia.org/wiki/Old_money\\\">inherited</a> versus <a href=\\\"https://en.wikipedia.org/wiki/Nouveau_riche\\\">self-made wealth</a>, <a href=\\\"https://en.wikipedia.org/wiki/Race_and_ethnicity_in_the_United_States\\\">race</a>, and <a href=\\\"https://en.wikipedia.org/wiki/Environmentalism\\\">environmentalism</a>, and its cynical attitude towards the <a href=\\\"https://en.wikipedia.org/wiki/American_dream\\\">American dream</a>. One persistent item of criticism is an allegation of <a href=\\\"https://en.wikipedia.org/wiki/Antisemitism\\\">antisemitic</a>stereotyping. <i>The Great Gatsby</i> is widely considered to be a literary <a href=\\\"https://en.wikipedia.org/wiki/Masterwork\\\">masterwork</a> and a contender for the title of the <a href=\\\"https://en.wikipedia.org/wiki/Great_American_Novel\\\">Great American Novel</a>.</p>\", \"author\": 3, \"test_text_field\": \"The Great Gatsby\", \"test_char_field\": \"The Great Gatsby\", \"test_email_field\": \"first@page.com\", \"test_slug_field\": \"first-page\", \"test_url_field\": \"https://firstpage.com\", \"test_boolean_field\": false, \"test_float_field\": 100.1, \"test_integer_field\": 100, \"test_big_integer_field\": 100, \"test_positive_big_integer_field\": 100, \"test_positive_integer_field\": 100, \"test_positive_small_integer_field\": 100, \"test_small_integer_field\": 100, \"test_date_field\": \"2022-04-20\", \"test_date_time_field\": \"2022-04-20T22:00:00Z\", \"test_time_field\": \"21:00:00\", \"test_uuid_field\": \"8d222dbe-a635-4a33-b5d6-6795c342eb5c\", \"wagtail_admin_comments\": []}",
      "approved_go_live_at": null
    }
  },
  {
    "model": "wagtailcore.pagerevision",
    "pk": 8,
    "fields": {
      "page": 5,
      "submitted_for_moderation": false,
      "created_at": "2022-04-20T19:47:07.208Z",
      "user": 1,
      "content_json": "{\"pk\": 5, \"path\": \"000100010003\", \"depth\": 3, \"numchild\": 0, \"translation_key\": \"9ed2cb8a-5f4e-49f3-bf69-4b02d9bce2df\", \"locale\": 1, \"title\": \"The Beautiful and Damned\", \"draft_title\": \"Second page\", \"slug\": \"second-page\", \"content_type\": 6, \"live\": true, \"has_unpublished_changes\": false, \"url_path\": \"/home/second-page/\", \"owner\": 1, \"seo_title\": \"\", \"show_in_menus\": false, \"search_description\": \"\", \"go_live_at\": null, \"expire_at\": null, \"expired\": false, \"locked\": false, \"locked_at\": null, \"locked_by\": null, \"first_published_at\": \"2022-04-20T19:39:58.875Z\", \"last_published_at\": \"2022-04-20T19:39:58.875Z\", \"latest_revision_created_at\": \"2022-04-20T19:39:58.861Z\", \"live_revision\": 3, \"alias_of\": null, \"body\": \"<p data-block-key=\\\"jhtnn\\\"><b><i>The Beautiful and Damned</i></b> is a 1922 novel by American writer <a href=\\\"https://en.wikipedia.org/wiki/F._Scott_Fitzgerald\\\">F. Scott Fitzgerald</a>, his second, that portrays New York <a href=\\\"https://en.wikipedia.org/wiki/Caf%C3%A9_society\\\">caf\\u00e9 society</a> and the American <a href=\\\"https://en.wikipedia.org/wiki/High_society_(social_class)\\\">Eastern elite</a>during the <a href=\\\"https://en.wikipedia.org/wiki/Jazz_Age\\\">Jazz Age</a>.<a href=\\\"https://en.wikipedia.org/wiki/The_Beautiful_and_Damned#cite_note-FOOTNOTEMizener1951138%E2%80%93143Milford197086%E2%80%9389-2\\\">[1]</a> As in his other novels, Fitzgerald&#x27;s characters in this novel are complex, materialistic and experience significant disruptions in respect to classism, marriage, and intimacy. </p><p data-block-key=\\\"fotv5\\\">The novel purportedly was based on the early years of Fitzgerald&#x27;s marriage to his wife <a href=\\\"https://en.wikipedia.org/wiki/Zelda_Fitzgerald\\\">Zelda Fitzgerald</a>,<a href=\\\"https://en.wikipedia.org/wiki/The_Beautiful_and_Damned#cite_note-FOOTNOTEMilford197088-3\\\">[2]</a> and many critics typically consider the work to be among Fitzgerald&#x27;s weaker novels.<a href=\\\"https://en.wikipedia.org/wiki/The_Beautiful_and_Damned#cite_note-FOOTNOTEElias1990266Mizener1951138%E2%80%93143Bruccoli1981155%E2%80%93156-4\\\">[3]</a> During the final decade of his life, Fitzgerald remarked upon the novel&#x27;s lack of quality in a letter to his wife: &quot;I wish the Beautiful and Damned had been a maturely written book because it was all true. We ruined ourselves\\u2014I have never honestly thought that we ruined each other.&quot;<a href=\\\"https://en.wikipedia.org/wiki/The_Beautiful_and_Damned#cite_note-FOOTNOTEBruccoli1981155-5\\\">[4]</a></p>\", \"author\": 3, \"test_text_field\": \"The Beautiful and Damned\", \"test_char_field\": \"The Beautiful and Damned\", \"test_email_field\": \"second@page.com\", \"test_slug_field\": \"second-page\", \"test_url_field\": \"https://secondpage.com\", \"test_boolean_field\": false, \"test_float_field\": 200.2, \"test_integer_field\": 200, \"test_big_integer_field\": 200, \"test_positive_big_integer_field\": 200, \"test_positive_integer_field\": 200, \"test_positive_small_integer_field\": 200, \"test_small_integer_field\": 200, \"test_date_field\": \"1922-04-21\", \"test_date_time_field\": \"1922-04-21T21:00:00Z\", \"test_time_field\": \"21:00:00\", \"test_uuid_field\": \"f5d76a8a-8891-47e9-b75e-fdb32f9c6f22\", \"wagtail_admin_comments\": []}",
      "approved_go_live_at": null
    }
  },
  {
    "model": "wagtailcore.grouppagepermission",
    "pk": 1,
    "fields": { "group": 1, "page": 1, "permission_type": "add" }
  },
  {
    "model": "wagtailcore.grouppagepermission",
    "pk": 2,
    "fields": { "group": 1, "page": 1, "permission_type": "edit" }
  },
  {
    "model": "wagtailcore.grouppagepermission",
    "pk": 3,
    "fields": { "group": 1, "page": 1, "permission_type": "publish" }
  },
  {
    "model": "wagtailcore.grouppagepermission",
    "pk": 4,
    "fields": { "group": 2, "page": 1, "permission_type": "add" }
  },
  {
    "model": "wagtailcore.grouppagepermission",
    "pk": 5,
    "fields": { "group": 2, "page": 1, "permission_type": "edit" }
  },
  {
    "model": "wagtailcore.grouppagepermission",
    "pk": 6,
    "fields": { "group": 1, "page": 1, "permission_type": "lock" }
  },
  {
    "model": "wagtailcore.grouppagepermission",
    "pk": 7,
    "fields": { "group": 1, "page": 1, "permission_type": "unlock" }
  },
  { "model": "wagtailcore.workflowpage", "pk": 1, "fields": { "workflow": 1 } },
  {
    "model": "wagtailcore.workflowtask",
    "pk": 1,
    "fields": { "sort_order": 0, "workflow": 1, "task": 1 }
  },
  {
    "model": "wagtailcore.task",
    "pk": 1,
    "fields": {
      "name": "Moderators approval",
      "content_type": 2,
      "active": true
    }
  },
  {
    "model": "wagtailcore.workflow",
    "pk": 1,
    "fields": { "name": "Moderators approval", "active": true }
  },
  {
    "model": "wagtailcore.groupapprovaltask",
    "pk": 1,
    "fields": { "groups": [1] }
  },
  {
    "model": "wagtailcore.pagelogentry",
    "pk": 1,
    "fields": {
      "content_type": 7,
      "label": "Author page",
      "action": "wagtail.create",
      "data_json": "\"\"",
      "timestamp": "2022-04-20T19:37:34.095Z",
      "uuid": "292deca6-16aa-42ea-9566-f2b78921e4f6",
      "user": 1,
      "content_changed": true,
      "deleted": false,
      "page": 3,
      "revision": null
    }
  },
  {
    "model": "wagtailcore.pagelogentry",
    "pk": 2,
    "fields": {
      "content_type": 7,
      "label": "Author page",
      "action": "wagtail.publish",
      "data_json": "null",
      "timestamp": "2022-04-20T19:37:34.130Z",
      "uuid": "292deca6-16aa-42ea-9566-f2b78921e4f6",
      "user": 1,
      "content_changed": true,
      "deleted": false,
      "page": 3,
      "revision": 1
    }
  },
  {
    "model": "wagtailcore.pagelogentry",
    "pk": 3,
    "fields": {
      "content_type": 6,
      "label": "First page",
      "action": "wagtail.create",
      "data_json": "\"\"",
      "timestamp": "2022-04-20T19:38:49.449Z",
      "uuid": "27dd2002-354a-4f4d-a9b0-8119eaa540dc",
      "user": 1,
      "content_changed": true,
      "deleted": false,
      "page": 4,
      "revision": null
    }
  },
  {
    "model": "wagtailcore.pagelogentry",
    "pk": 4,
    "fields": {
      "content_type": 6,
      "label": "First page",
      "action": "wagtail.publish",
      "data_json": "null",
      "timestamp": "2022-04-20T19:38:49.492Z",
      "uuid": "27dd2002-354a-4f4d-a9b0-8119eaa540dc",
      "user": 1,
      "content_changed": true,
      "deleted": false,
      "page": 4,
      "revision": 2
    }
  },
  {
    "model": "wagtailcore.pagelogentry",
    "pk": 5,
    "fields": {
      "content_type": 6,
      "label": "Second page",
      "action": "wagtail.create",
      "data_json": "\"\"",
      "timestamp": "2022-04-20T19:39:58.853Z",
      "uuid": "436d2868-5ea1-4dfb-9918-818a14b7f0a7",
      "user": 1,
      "content_changed": true,
      "deleted": false,
      "page": 5,
      "revision": null
    }
  },
  {
    "model": "wagtailcore.pagelogentry",
    "pk": 6,
    "fields": {
      "content_type": 6,
      "label": "Second page",
      "action": "wagtail.publish",
      "data_json": "null",
      "timestamp": "2022-04-20T19:39:58.892Z",
      "uuid": "436d2868-5ea1-4dfb-9918-818a14b7f0a7",
      "user": 1,
      "content_changed": true,
      "deleted": false,
      "page": 5,
      "revision": 3
    }
  },
  {
    "model": "wagtailcore.pagelogentry",
    "pk": 7,
    "fields": {
      "content_type": 7,
      "label": "Ernest Hemingway",
      "action": "wagtail.create",
      "data_json": "\"\"",
      "timestamp": "2022-04-20T19:41:51.998Z",
      "uuid": "9775dbfe-25dd-4a55-90f9-ec2670f35995",
      "user": 1,
      "content_changed": true,
      "deleted": false,
      "page": 6,
      "revision": null
    }
  },
  {
    "model": "wagtailcore.pagelogentry",
    "pk": 8,
    "fields": {
      "content_type": 7,
      "label": "Ernest Hemingway",
      "action": "wagtail.publish",
      "data_json": "null",
      "timestamp": "2022-04-20T19:41:52.034Z",
      "uuid": "9775dbfe-25dd-4a55-90f9-ec2670f35995",
      "user": 1,
      "content_changed": true,
      "deleted": false,
      "page": 6,
      "revision": 4
    }
  },
  {
    "model": "wagtailcore.pagelogentry",
    "pk": 9,
    "fields": {
      "content_type": 6,
      "label": "The Sun Also Rises",
      "action": "wagtail.create",
      "data_json": "\"\"",
      "timestamp": "2022-04-20T19:44:50.487Z",
      "uuid": "39c94de0-b2d4-44ca-a3eb-86acf546a1f8",
      "user": 1,
      "content_changed": true,
      "deleted": false,
      "page": 7,
      "revision": null
    }
  },
  {
    "model": "wagtailcore.pagelogentry",
    "pk": 10,
    "fields": {
      "content_type": 6,
      "label": "The Sun Also Rises",
      "action": "wagtail.publish",
      "data_json": "null",
      "timestamp": "2022-04-20T19:44:50.529Z",
      "uuid": "39c94de0-b2d4-44ca-a3eb-86acf546a1f8",
      "user": 1,
      "content_changed": true,
      "deleted": false,
      "page": 7,
      "revision": 5
    }
  },
  {
    "model": "wagtailcore.pagelogentry",
    "pk": 11,
    "fields": {
      "content_type": 7,
      "label": "F. Scott Fitzgerald",
      "action": "wagtail.edit",
      "data_json": "\"\"",
      "timestamp": "2022-04-20T19:45:34.872Z",
      "uuid": "6938961e-3ceb-45fa-b6a6-13a24aba290b",
      "user": 1,
      "content_changed": true,
      "deleted": false,
      "page": 3,
      "revision": 6
    }
  },
  {
    "model": "wagtailcore.pagelogentry",
    "pk": 12,
    "fields": {
      "content_type": 7,
      "label": "F. Scott Fitzgerald",
      "action": "wagtail.rename",
      "data_json": "{\"title\": {\"old\": \"Author page\", \"new\": \"F. Scott Fitzgerald\"}}",
      "timestamp": "2022-04-20T19:45:34.928Z",
      "uuid": "6938961e-3ceb-45fa-b6a6-13a24aba290b",
      "user": 1,
      "content_changed": false,
      "deleted": false,
      "page": 3,
      "revision": 6
    }
  },
  {
    "model": "wagtailcore.pagelogentry",
    "pk": 13,
    "fields": {
      "content_type": 7,
      "label": "F. Scott Fitzgerald",
      "action": "wagtail.publish",
      "data_json": "{\"title\": {\"old\": \"Author page\", \"new\": \"F. Scott Fitzgerald\"}}",
      "timestamp": "2022-04-20T19:45:34.931Z",
      "uuid": "6938961e-3ceb-45fa-b6a6-13a24aba290b",
      "user": 1,
      "content_changed": true,
      "deleted": false,
      "page": 3,
      "revision": 6
    }
  },
  {
    "model": "wagtailcore.pagelogentry",
    "pk": 14,
    "fields": {
      "content_type": 6,
      "label": "The Great Gatsby",
      "action": "wagtail.edit",
      "data_json": "\"\"",
      "timestamp": "2022-04-20T19:46:16.516Z",
      "uuid": "549d2cfd-a4ff-48af-99ae-0602834c0486",
      "user": 1,
      "content_changed": true,
      "deleted": false,
      "page": 4,
      "revision": 7
    }
  },
  {
    "model": "wagtailcore.pagelogentry",
    "pk": 15,
    "fields": {
      "content_type": 6,
      "label": "The Great Gatsby",
      "action": "wagtail.rename",
      "data_json": "{\"title\": {\"old\": \"First page\", \"new\": \"The Great Gatsby\"}}",
      "timestamp": "2022-04-20T19:46:16.547Z",
      "uuid": "549d2cfd-a4ff-48af-99ae-0602834c0486",
      "user": 1,
      "content_changed": false,
      "deleted": false,
      "page": 4,
      "revision": 7
    }
  },
  {
    "model": "wagtailcore.pagelogentry",
    "pk": 16,
    "fields": {
      "content_type": 6,
      "label": "The Great Gatsby",
      "action": "wagtail.publish",
      "data_json": "{\"title\": {\"old\": \"First page\", \"new\": \"The Great Gatsby\"}}",
      "timestamp": "2022-04-20T19:46:16.550Z",
      "uuid": "549d2cfd-a4ff-48af-99ae-0602834c0486",
      "user": 1,
      "content_changed": true,
      "deleted": false,
      "page": 4,
      "revision": 7
    }
  },
  {
    "model": "wagtailcore.pagelogentry",
    "pk": 17,
    "fields": {
      "content_type": 6,
      "label": "The Beautiful and Damned",
      "action": "wagtail.edit",
      "data_json": "\"\"",
      "timestamp": "2022-04-20T19:47:07.216Z",
      "uuid": "e3f71172-1ecb-4ced-99bc-9e5aa9f11639",
      "user": 1,
      "content_changed": true,
      "deleted": false,
      "page": 5,
      "revision": 8
    }
  },
  {
    "model": "wagtailcore.pagelogentry",
    "pk": 18,
    "fields": {
      "content_type": 6,
      "label": "The Beautiful and Damned",
      "action": "wagtail.rename",
      "data_json": "{\"title\": {\"old\": \"Second page\", \"new\": \"The Beautiful and Damned\"}}",
      "timestamp": "2022-04-20T19:47:07.247Z",
      "uuid": "e3f71172-1ecb-4ced-99bc-9e5aa9f11639",
      "user": 1,
      "content_changed": false,
      "deleted": false,
      "page": 5,
      "revision": 8
    }
  },
  {
    "model": "wagtailcore.pagelogentry",
    "pk": 19,
    "fields": {
      "content_type": 6,
      "label": "The Beautiful and Damned",
      "action": "wagtail.publish",
      "data_json": "{\"title\": {\"old\": \"Second page\", \"new\": \"The Beautiful and Damned\"}}",
      "timestamp": "2022-04-20T19:47:07.253Z",
      "uuid": "e3f71172-1ecb-4ced-99bc-9e5aa9f11639",
      "user": 1,
      "content_changed": true,
      "deleted": false,
      "page": 5,
      "revision": 8
    }
  },
  {
    "model": "wagtailcore.pagesubscription",
    "pk": 1,
    "fields": { "user": 1, "page": 3, "comment_notifications": true }
  },
  {
    "model": "wagtailcore.pagesubscription",
    "pk": 2,
    "fields": { "user": 1, "page": 4, "comment_notifications": true }
  },
  {
    "model": "wagtailcore.pagesubscription",
    "pk": 3,
    "fields": { "user": 1, "page": 5, "comment_notifications": true }
  },
  {
    "model": "wagtailcore.pagesubscription",
    "pk": 4,
    "fields": { "user": 1, "page": 6, "comment_notifications": true }
  },
  {
    "model": "wagtailcore.pagesubscription",
    "pk": 5,
    "fields": { "user": 1, "page": 7, "comment_notifications": true }
  },
  {
    "model": "auth.permission",
    "pk": 1,
    "fields": {
      "name": "Can access Wagtail admin",
      "content_type": 3,
      "codename": "access_admin"
    }
  },
  {
    "model": "auth.permission",
    "pk": 2,
    "fields": {
      "name": "Can add document",
      "content_type": 4,
      "codename": "add_document"
    }
  },
  {
    "model": "auth.permission",
    "pk": 3,
    "fields": {
      "name": "Can change document",
      "content_type": 4,
      "codename": "change_document"
    }
  },
  {
    "model": "auth.permission",
    "pk": 4,
    "fields": {
      "name": "Can delete document",
      "content_type": 4,
      "codename": "delete_document"
    }
  },
  {
    "model": "auth.permission",
    "pk": 5,
    "fields": {
      "name": "Can choose document",
      "content_type": 4,
      "codename": "choose_document"
    }
  },
  {
    "model": "auth.permission",
    "pk": 6,
    "fields": {
      "name": "Can add image",
      "content_type": 5,
      "codename": "add_image"
    }
  },
  {
    "model": "auth.permission",
    "pk": 7,
    "fields": {
      "name": "Can change image",
      "content_type": 5,
      "codename": "change_image"
    }
  },
  {
    "model": "auth.permission",
    "pk": 8,
    "fields": {
      "name": "Can delete image",
      "content_type": 5,
      "codename": "delete_image"
    }
  },
  {
    "model": "auth.permission",
    "pk": 9,
    "fields": {
      "name": "Can choose image",
      "content_type": 5,
      "codename": "choose_image"
    }
  },
  {
    "model": "auth.permission",
    "pk": 10,
    "fields": {
      "name": "Can add base page",
      "content_type": 6,
      "codename": "add_basepage"
    }
  },
  {
    "model": "auth.permission",
    "pk": 11,
    "fields": {
      "name": "Can change base page",
      "content_type": 6,
      "codename": "change_basepage"
    }
  },
  {
    "model": "auth.permission",
    "pk": 12,
    "fields": {
      "name": "Can delete base page",
      "content_type": 6,
      "codename": "delete_basepage"
    }
  },
  {
    "model": "auth.permission",
    "pk": 13,
    "fields": {
      "name": "Can view base page",
      "content_type": 6,
      "codename": "view_basepage"
    }
  },
  {
    "model": "auth.permission",
    "pk": 14,
    "fields": {
      "name": "Can add author page",
      "content_type": 7,
      "codename": "add_authorpage"
    }
  },
  {
    "model": "auth.permission",
    "pk": 15,
    "fields": {
      "name": "Can change author page",
      "content_type": 7,
      "codename": "change_authorpage"
    }
  },
  {
    "model": "auth.permission",
    "pk": 16,
    "fields": {
      "name": "Can delete author page",
      "content_type": 7,
      "codename": "delete_authorpage"
    }
  },
  {
    "model": "auth.permission",
    "pk": 17,
    "fields": {
      "name": "Can view author page",
      "content_type": 7,
      "codename": "view_authorpage"
    }
  },
  {
    "model": "auth.permission",
    "pk": 18,
    "fields": {
      "name": "Can add form submission",
      "content_type": 8,
      "codename": "add_formsubmission"
    }
  },
  {
    "model": "auth.permission",
    "pk": 19,
    "fields": {
      "name": "Can change form submission",
      "content_type": 8,
      "codename": "change_formsubmission"
    }
  },
  {
    "model": "auth.permission",
    "pk": 20,
    "fields": {
      "name": "Can delete form submission",
      "content_type": 8,
      "codename": "delete_formsubmission"
    }
  },
  {
    "model": "auth.permission",
    "pk": 21,
    "fields": {
      "name": "Can view form submission",
      "content_type": 8,
      "codename": "view_formsubmission"
    }
  },
  {
    "model": "auth.permission",
    "pk": 22,
    "fields": {
      "name": "Can add redirect",
      "content_type": 9,
      "codename": "add_redirect"
    }
  },
  {
    "model": "auth.permission",
    "pk": 23,
    "fields": {
      "name": "Can change redirect",
      "content_type": 9,
      "codename": "change_redirect"
    }
  },
  {
    "model": "auth.permission",
    "pk": 24,
    "fields": {
      "name": "Can delete redirect",
      "content_type": 9,
      "codename": "delete_redirect"
    }
  },
  {
    "model": "auth.permission",
    "pk": 25,
    "fields": {
      "name": "Can view redirect",
      "content_type": 9,
      "codename": "view_redirect"
    }
  },
  {
    "model": "auth.permission",
    "pk": 26,
    "fields": {
      "name": "Can add embed",
      "content_type": 10,
      "codename": "add_embed"
    }
  },
  {
    "model": "auth.permission",
    "pk": 27,
    "fields": {
      "name": "Can change embed",
      "content_type": 10,
      "codename": "change_embed"
    }
  },
  {
    "model": "auth.permission",
    "pk": 28,
    "fields": {
      "name": "Can delete embed",
      "content_type": 10,
      "codename": "delete_embed"
    }
  },
  {
    "model": "auth.permission",
    "pk": 29,
    "fields": {
      "name": "Can view embed",
      "content_type": 10,
      "codename": "view_embed"
    }
  },
  {
    "model": "auth.permission",
    "pk": 30,
    "fields": {
      "name": "Can add user profile",
      "content_type": 11,
      "codename": "add_userprofile"
    }
  },
  {
    "model": "auth.permission",
    "pk": 31,
    "fields": {
      "name": "Can change user profile",
      "content_type": 11,
      "codename": "change_userprofile"
    }
  },
  {
    "model": "auth.permission",
    "pk": 32,
    "fields": {
      "name": "Can delete user profile",
      "content_type": 11,
      "codename": "delete_userprofile"
    }
  },
  {
    "model": "auth.permission",
    "pk": 33,
    "fields": {
      "name": "Can view user profile",
      "content_type": 11,
      "codename": "view_userprofile"
    }
  },
  {
    "model": "auth.permission",
    "pk": 34,
    "fields": {
      "name": "Can view document",
      "content_type": 4,
      "codename": "view_document"
    }
  },
  {
    "model": "auth.permission",
    "pk": 35,
    "fields": {
      "name": "Can add uploaded document",
      "content_type": 12,
      "codename": "add_uploadeddocument"
    }
  },
  {
    "model": "auth.permission",
    "pk": 36,
    "fields": {
      "name": "Can change uploaded document",
      "content_type": 12,
      "codename": "change_uploadeddocument"
    }
  },
  {
    "model": "auth.permission",
    "pk": 37,
    "fields": {
      "name": "Can delete uploaded document",
      "content_type": 12,
      "codename": "delete_uploadeddocument"
    }
  },
  {
    "model": "auth.permission",
    "pk": 38,
    "fields": {
      "name": "Can view uploaded document",
      "content_type": 12,
      "codename": "view_uploadeddocument"
    }
  },
  {
    "model": "auth.permission",
    "pk": 39,
    "fields": {
      "name": "Can view image",
      "content_type": 5,
      "codename": "view_image"
    }
  },
  {
    "model": "auth.permission",
    "pk": 40,
    "fields": {
      "name": "Can add rendition",
      "content_type": 13,
      "codename": "add_rendition"
    }
  },
  {
    "model": "auth.permission",
    "pk": 41,
    "fields": {
      "name": "Can change rendition",
      "content_type": 13,
      "codename": "change_rendition"
    }
  },
  {
    "model": "auth.permission",
    "pk": 42,
    "fields": {
      "name": "Can delete rendition",
      "content_type": 13,
      "codename": "delete_rendition"
    }
  },
  {
    "model": "auth.permission",
    "pk": 43,
    "fields": {
      "name": "Can view rendition",
      "content_type": 13,
      "codename": "view_rendition"
    }
  },
  {
    "model": "auth.permission",
    "pk": 44,
    "fields": {
      "name": "Can add uploaded image",
      "content_type": 14,
      "codename": "add_uploadedimage"
    }
  },
  {
    "model": "auth.permission",
    "pk": 45,
    "fields": {
      "name": "Can change uploaded image",
      "content_type": 14,
      "codename": "change_uploadedimage"
    }
  },
  {
    "model": "auth.permission",
    "pk": 46,
    "fields": {
      "name": "Can delete uploaded image",
      "content_type": 14,
      "codename": "delete_uploadedimage"
    }
  },
  {
    "model": "auth.permission",
    "pk": 47,
    "fields": {
      "name": "Can view uploaded image",
      "content_type": 14,
      "codename": "view_uploadedimage"
    }
  },
  {
    "model": "auth.permission",
    "pk": 48,
    "fields": {
      "name": "Can add query",
      "content_type": 15,
      "codename": "add_query"
    }
  },
  {
    "model": "auth.permission",
    "pk": 49,
    "fields": {
      "name": "Can change query",
      "content_type": 15,
      "codename": "change_query"
    }
  },
  {
    "model": "auth.permission",
    "pk": 50,
    "fields": {
      "name": "Can delete query",
      "content_type": 15,
      "codename": "delete_query"
    }
  },
  {
    "model": "auth.permission",
    "pk": 51,
    "fields": {
      "name": "Can view query",
      "content_type": 15,
      "codename": "view_query"
    }
  },
  {
    "model": "auth.permission",
    "pk": 52,
    "fields": {
      "name": "Can add Query Daily Hits",
      "content_type": 16,
      "codename": "add_querydailyhits"
    }
  },
  {
    "model": "auth.permission",
    "pk": 53,
    "fields": {
      "name": "Can change Query Daily Hits",
      "content_type": 16,
      "codename": "change_querydailyhits"
    }
  },
  {
    "model": "auth.permission",
    "pk": 54,
    "fields": {
      "name": "Can delete Query Daily Hits",
      "content_type": 16,
      "codename": "delete_querydailyhits"
    }
  },
  {
    "model": "auth.permission",
    "pk": 55,
    "fields": {
      "name": "Can view Query Daily Hits",
      "content_type": 16,
      "codename": "view_querydailyhits"
    }
  },
  {
    "model": "auth.permission",
    "pk": 56,
    "fields": {
      "name": "Can add index entry",
      "content_type": 17,
      "codename": "add_indexentry"
    }
  },
  {
    "model": "auth.permission",
    "pk": 57,
    "fields": {
      "name": "Can change index entry",
      "content_type": 17,
      "codename": "change_indexentry"
    }
  },
  {
    "model": "auth.permission",
    "pk": 58,
    "fields": {
      "name": "Can delete index entry",
      "content_type": 17,
      "codename": "delete_indexentry"
    }
  },
  {
    "model": "auth.permission",
    "pk": 59,
    "fields": {
      "name": "Can view index entry",
      "content_type": 17,
      "codename": "view_indexentry"
    }
  },
  {
    "model": "auth.permission",
    "pk": 60,
    "fields": {
      "name": "Can add sqliteftsindexentry",
      "content_type": 18,
      "codename": "add_sqliteftsindexentry"
    }
  },
  {
    "model": "auth.permission",
    "pk": 61,
    "fields": {
      "name": "Can change sqliteftsindexentry",
      "content_type": 18,
      "codename": "change_sqliteftsindexentry"
    }
  },
  {
    "model": "auth.permission",
    "pk": 62,
    "fields": {
      "name": "Can delete sqliteftsindexentry",
      "content_type": 18,
      "codename": "delete_sqliteftsindexentry"
    }
  },
  {
    "model": "auth.permission",
    "pk": 63,
    "fields": {
      "name": "Can view sqliteftsindexentry",
      "content_type": 18,
      "codename": "view_sqliteftsindexentry"
    }
  },
  {
    "model": "auth.permission",
    "pk": 64,
    "fields": {
      "name": "Can add page",
      "content_type": 1,
      "codename": "add_page"
    }
  },
  {
    "model": "auth.permission",
    "pk": 65,
    "fields": {
      "name": "Can change page",
      "content_type": 1,
      "codename": "change_page"
    }
  },
  {
    "model": "auth.permission",
    "pk": 66,
    "fields": {
      "name": "Can delete page",
      "content_type": 1,
      "codename": "delete_page"
    }
  },
  {
    "model": "auth.permission",
    "pk": 67,
    "fields": {
      "name": "Can view page",
      "content_type": 1,
      "codename": "view_page"
    }
  },
  {
    "model": "auth.permission",
    "pk": 68,
    "fields": {
      "name": "Can add group page permission",
      "content_type": 19,
      "codename": "add_grouppagepermission"
    }
  },
  {
    "model": "auth.permission",
    "pk": 69,
    "fields": {
      "name": "Can change group page permission",
      "content_type": 19,
      "codename": "change_grouppagepermission"
    }
  },
  {
    "model": "auth.permission",
    "pk": 70,
    "fields": {
      "name": "Can delete group page permission",
      "content_type": 19,
      "codename": "delete_grouppagepermission"
    }
  },
  {
    "model": "auth.permission",
    "pk": 71,
    "fields": {
      "name": "Can view group page permission",
      "content_type": 19,
      "codename": "view_grouppagepermission"
    }
  },
  {
    "model": "auth.permission",
    "pk": 72,
    "fields": {
      "name": "Can add page revision",
      "content_type": 20,
      "codename": "add_pagerevision"
    }
  },
  {
    "model": "auth.permission",
    "pk": 73,
    "fields": {
      "name": "Can change page revision",
      "content_type": 20,
      "codename": "change_pagerevision"
    }
  },
  {
    "model": "auth.permission",
    "pk": 74,
    "fields": {
      "name": "Can delete page revision",
      "content_type": 20,
      "codename": "delete_pagerevision"
    }
  },
  {
    "model": "auth.permission",
    "pk": 75,
    "fields": {
      "name": "Can view page revision",
      "content_type": 20,
      "codename": "view_pagerevision"
    }
  },
  {
    "model": "auth.permission",
    "pk": 76,
    "fields": {
      "name": "Can add page view restriction",
      "content_type": 21,
      "codename": "add_pageviewrestriction"
    }
  },
  {
    "model": "auth.permission",
    "pk": 77,
    "fields": {
      "name": "Can change page view restriction",
      "content_type": 21,
      "codename": "change_pageviewrestriction"
    }
  },
  {
    "model": "auth.permission",
    "pk": 78,
    "fields": {
      "name": "Can delete page view restriction",
      "content_type": 21,
      "codename": "delete_pageviewrestriction"
    }
  },
  {
    "model": "auth.permission",
    "pk": 79,
    "fields": {
      "name": "Can view page view restriction",
      "content_type": 21,
      "codename": "view_pageviewrestriction"
    }
  },
  {
    "model": "auth.permission",
    "pk": 80,
    "fields": {
      "name": "Can add site",
      "content_type": 22,
      "codename": "add_site"
    }
  },
  {
    "model": "auth.permission",
    "pk": 81,
    "fields": {
      "name": "Can change site",
      "content_type": 22,
      "codename": "change_site"
    }
  },
  {
    "model": "auth.permission",
    "pk": 82,
    "fields": {
      "name": "Can delete site",
      "content_type": 22,
      "codename": "delete_site"
    }
  },
  {
    "model": "auth.permission",
    "pk": 83,
    "fields": {
      "name": "Can view site",
      "content_type": 22,
      "codename": "view_site"
    }
  },
  {
    "model": "auth.permission",
    "pk": 84,
    "fields": {
      "name": "Can add collection",
      "content_type": 23,
      "codename": "add_collection"
    }
  },
  {
    "model": "auth.permission",
    "pk": 85,
    "fields": {
      "name": "Can change collection",
      "content_type": 23,
      "codename": "change_collection"
    }
  },
  {
    "model": "auth.permission",
    "pk": 86,
    "fields": {
      "name": "Can delete collection",
      "content_type": 23,
      "codename": "delete_collection"
    }
  },
  {
    "model": "auth.permission",
    "pk": 87,
    "fields": {
      "name": "Can view collection",
      "content_type": 23,
      "codename": "view_collection"
    }
  },
  {
    "model": "auth.permission",
    "pk": 88,
    "fields": {
      "name": "Can add group collection permission",
      "content_type": 24,
      "codename": "add_groupcollectionpermission"
    }
  },
  {
    "model": "auth.permission",
    "pk": 89,
    "fields": {
      "name": "Can change group collection permission",
      "content_type": 24,
      "codename": "change_groupcollectionpermission"
    }
  },
  {
    "model": "auth.permission",
    "pk": 90,
    "fields": {
      "name": "Can delete group collection permission",
      "content_type": 24,
      "codename": "delete_groupcollectionpermission"
    }
  },
  {
    "model": "auth.permission",
    "pk": 91,
    "fields": {
      "name": "Can view group collection permission",
      "content_type": 24,
      "codename": "view_groupcollectionpermission"
    }
  },
  {
    "model": "auth.permission",
    "pk": 92,
    "fields": {
      "name": "Can add collection view restriction",
      "content_type": 25,
      "codename": "add_collectionviewrestriction"
    }
  },
  {
    "model": "auth.permission",
    "pk": 93,
    "fields": {
      "name": "Can change collection view restriction",
      "content_type": 25,
      "codename": "change_collectionviewrestriction"
    }
  },
  {
    "model": "auth.permission",
    "pk": 94,
    "fields": {
      "name": "Can delete collection view restriction",
      "content_type": 25,
      "codename": "delete_collectionviewrestriction"
    }
  },
  {
    "model": "auth.permission",
    "pk": 95,
    "fields": {
      "name": "Can view collection view restriction",
      "content_type": 25,
      "codename": "view_collectionviewrestriction"
    }
  },
  {
    "model": "auth.permission",
    "pk": 96,
    "fields": {
      "name": "Can add task",
      "content_type": 26,
      "codename": "add_task"
    }
  },
  {
    "model": "auth.permission",
    "pk": 97,
    "fields": {
      "name": "Can change task",
      "content_type": 26,
      "codename": "change_task"
    }
  },
  {
    "model": "auth.permission",
    "pk": 98,
    "fields": {
      "name": "Can delete task",
      "content_type": 26,
      "codename": "delete_task"
    }
  },
  {
    "model": "auth.permission",
    "pk": 99,
    "fields": {
      "name": "Can view task",
      "content_type": 26,
      "codename": "view_task"
    }
  },
  {
    "model": "auth.permission",
    "pk": 100,
    "fields": {
      "name": "Can add Task state",
      "content_type": 27,
      "codename": "add_taskstate"
    }
  },
  {
    "model": "auth.permission",
    "pk": 101,
    "fields": {
      "name": "Can change Task state",
      "content_type": 27,
      "codename": "change_taskstate"
    }
  },
  {
    "model": "auth.permission",
    "pk": 102,
    "fields": {
      "name": "Can delete Task state",
      "content_type": 27,
      "codename": "delete_taskstate"
    }
  },
  {
    "model": "auth.permission",
    "pk": 103,
    "fields": {
      "name": "Can view Task state",
      "content_type": 27,
      "codename": "view_taskstate"
    }
  },
  {
    "model": "auth.permission",
    "pk": 104,
    "fields": {
      "name": "Can add workflow",
      "content_type": 28,
      "codename": "add_workflow"
    }
  },
  {
    "model": "auth.permission",
    "pk": 105,
    "fields": {
      "name": "Can change workflow",
      "content_type": 28,
      "codename": "change_workflow"
    }
  },
  {
    "model": "auth.permission",
    "pk": 106,
    "fields": {
      "name": "Can delete workflow",
      "content_type": 28,
      "codename": "delete_workflow"
    }
  },
  {
    "model": "auth.permission",
    "pk": 107,
    "fields": {
      "name": "Can view workflow",
      "content_type": 28,
      "codename": "view_workflow"
    }
  },
  {
    "model": "auth.permission",
    "pk": 108,
    "fields": {
      "name": "Can add Group approval task",
      "content_type": 2,
      "codename": "add_groupapprovaltask"
    }
  },
  {
    "model": "auth.permission",
    "pk": 109,
    "fields": {
      "name": "Can change Group approval task",
      "content_type": 2,
      "codename": "change_groupapprovaltask"
    }
  },
  {
    "model": "auth.permission",
    "pk": 110,
    "fields": {
      "name": "Can delete Group approval task",
      "content_type": 2,
      "codename": "delete_groupapprovaltask"
    }
  },
  {
    "model": "auth.permission",
    "pk": 111,
    "fields": {
      "name": "Can view Group approval task",
      "content_type": 2,
      "codename": "view_groupapprovaltask"
    }
  },
  {
    "model": "auth.permission",
    "pk": 112,
    "fields": {
      "name": "Can add Workflow state",
      "content_type": 29,
      "codename": "add_workflowstate"
    }
  },
  {
    "model": "auth.permission",
    "pk": 113,
    "fields": {
      "name": "Can change Workflow state",
      "content_type": 29,
      "codename": "change_workflowstate"
    }
  },
  {
    "model": "auth.permission",
    "pk": 114,
    "fields": {
      "name": "Can delete Workflow state",
      "content_type": 29,
      "codename": "delete_workflowstate"
    }
  },
  {
    "model": "auth.permission",
    "pk": 115,
    "fields": {
      "name": "Can view Workflow state",
      "content_type": 29,
      "codename": "view_workflowstate"
    }
  },
  {
    "model": "auth.permission",
    "pk": 116,
    "fields": {
      "name": "Can add workflow page",
      "content_type": 30,
      "codename": "add_workflowpage"
    }
  },
  {
    "model": "auth.permission",
    "pk": 117,
    "fields": {
      "name": "Can change workflow page",
      "content_type": 30,
      "codename": "change_workflowpage"
    }
  },
  {
    "model": "auth.permission",
    "pk": 118,
    "fields": {
      "name": "Can delete workflow page",
      "content_type": 30,
      "codename": "delete_workflowpage"
    }
  },
  {
    "model": "auth.permission",
    "pk": 119,
    "fields": {
      "name": "Can view workflow page",
      "content_type": 30,
      "codename": "view_workflowpage"
    }
  },
  {
    "model": "auth.permission",
    "pk": 120,
    "fields": {
      "name": "Can add workflow task order",
      "content_type": 31,
      "codename": "add_workflowtask"
    }
  },
  {
    "model": "auth.permission",
    "pk": 121,
    "fields": {
      "name": "Can change workflow task order",
      "content_type": 31,
      "codename": "change_workflowtask"
    }
  },
  {
    "model": "auth.permission",
    "pk": 122,
    "fields": {
      "name": "Can delete workflow task order",
      "content_type": 31,
      "codename": "delete_workflowtask"
    }
  },
  {
    "model": "auth.permission",
    "pk": 123,
    "fields": {
      "name": "Can view workflow task order",
      "content_type": 31,
      "codename": "view_workflowtask"
    }
  },
  {
    "model": "auth.permission",
    "pk": 124,
    "fields": {
      "name": "Can add page log entry",
      "content_type": 32,
      "codename": "add_pagelogentry"
    }
  },
  {
    "model": "auth.permission",
    "pk": 125,
    "fields": {
      "name": "Can change page log entry",
      "content_type": 32,
      "codename": "change_pagelogentry"
    }
  },
  {
    "model": "auth.permission",
    "pk": 126,
    "fields": {
      "name": "Can delete page log entry",
      "content_type": 32,
      "codename": "delete_pagelogentry"
    }
  },
  {
    "model": "auth.permission",
    "pk": 127,
    "fields": {
      "name": "Can view page log entry",
      "content_type": 32,
      "codename": "view_pagelogentry"
    }
  },
  {
    "model": "auth.permission",
    "pk": 128,
    "fields": {
      "name": "Can add locale",
      "content_type": 33,
      "codename": "add_locale"
    }
  },
  {
    "model": "auth.permission",
    "pk": 129,
    "fields": {
      "name": "Can change locale",
      "content_type": 33,
      "codename": "change_locale"
    }
  },
  {
    "model": "auth.permission",
    "pk": 130,
    "fields": {
      "name": "Can delete locale",
      "content_type": 33,
      "codename": "delete_locale"
    }
  },
  {
    "model": "auth.permission",
    "pk": 131,
    "fields": {
      "name": "Can view locale",
      "content_type": 33,
      "codename": "view_locale"
    }
  },
  {
    "model": "auth.permission",
    "pk": 132,
    "fields": {
      "name": "Can add comment",
      "content_type": 34,
      "codename": "add_comment"
    }
  },
  {
    "model": "auth.permission",
    "pk": 133,
    "fields": {
      "name": "Can change comment",
      "content_type": 34,
      "codename": "change_comment"
    }
  },
  {
    "model": "auth.permission",
    "pk": 134,
    "fields": {
      "name": "Can delete comment",
      "content_type": 34,
      "codename": "delete_comment"
    }
  },
  {
    "model": "auth.permission",
    "pk": 135,
    "fields": {
      "name": "Can view comment",
      "content_type": 34,
      "codename": "view_comment"
    }
  },
  {
    "model": "auth.permission",
    "pk": 136,
    "fields": {
      "name": "Can add comment reply",
      "content_type": 35,
      "codename": "add_commentreply"
    }
  },
  {
    "model": "auth.permission",
    "pk": 137,
    "fields": {
      "name": "Can change comment reply",
      "content_type": 35,
      "codename": "change_commentreply"
    }
  },
  {
    "model": "auth.permission",
    "pk": 138,
    "fields": {
      "name": "Can delete comment reply",
      "content_type": 35,
      "codename": "delete_commentreply"
    }
  },
  {
    "model": "auth.permission",
    "pk": 139,
    "fields": {
      "name": "Can view comment reply",
      "content_type": 35,
      "codename": "view_commentreply"
    }
  },
  {
    "model": "auth.permission",
    "pk": 140,
    "fields": {
      "name": "Can add page subscription",
      "content_type": 36,
      "codename": "add_pagesubscription"
    }
  },
  {
    "model": "auth.permission",
    "pk": 141,
    "fields": {
      "name": "Can change page subscription",
      "content_type": 36,
      "codename": "change_pagesubscription"
    }
  },
  {
    "model": "auth.permission",
    "pk": 142,
    "fields": {
      "name": "Can delete page subscription",
      "content_type": 36,
      "codename": "delete_pagesubscription"
    }
  },
  {
    "model": "auth.permission",
    "pk": 143,
    "fields": {
      "name": "Can view page subscription",
      "content_type": 36,
      "codename": "view_pagesubscription"
    }
  },
  {
    "model": "auth.permission",
    "pk": 144,
    "fields": {
      "name": "Can add model log entry",
      "content_type": 37,
      "codename": "add_modellogentry"
    }
  },
  {
    "model": "auth.permission",
    "pk": 145,
    "fields": {
      "name": "Can change model log entry",
      "content_type": 37,
      "codename": "change_modellogentry"
    }
  },
  {
    "model": "auth.permission",
    "pk": 146,
    "fields": {
      "name": "Can delete model log entry",
      "content_type": 37,
      "codename": "delete_modellogentry"
    }
  },
  {
    "model": "auth.permission",
    "pk": 147,
    "fields": {
      "name": "Can view model log entry",
      "content_type": 37,
      "codename": "view_modellogentry"
    }
  },
  {
    "model": "auth.permission",
    "pk": 148,
    "fields": {
      "name": "Can add tag",
      "content_type": 38,
      "codename": "add_tag"
    }
  },
  {
    "model": "auth.permission",
    "pk": 149,
    "fields": {
      "name": "Can change tag",
      "content_type": 38,
      "codename": "change_tag"
    }
  },
  {
    "model": "auth.permission",
    "pk": 150,
    "fields": {
      "name": "Can delete tag",
      "content_type": 38,
      "codename": "delete_tag"
    }
  },
  {
    "model": "auth.permission",
    "pk": 151,
    "fields": {
      "name": "Can view tag",
      "content_type": 38,
      "codename": "view_tag"
    }
  },
  {
    "model": "auth.permission",
    "pk": 152,
    "fields": {
      "name": "Can add tagged item",
      "content_type": 39,
      "codename": "add_taggeditem"
    }
  },
  {
    "model": "auth.permission",
    "pk": 153,
    "fields": {
      "name": "Can change tagged item",
      "content_type": 39,
      "codename": "change_taggeditem"
    }
  },
  {
    "model": "auth.permission",
    "pk": 154,
    "fields": {
      "name": "Can delete tagged item",
      "content_type": 39,
      "codename": "delete_taggeditem"
    }
  },
  {
    "model": "auth.permission",
    "pk": 155,
    "fields": {
      "name": "Can view tagged item",
      "content_type": 39,
      "codename": "view_taggeditem"
    }
  },
  {
    "model": "auth.permission",
    "pk": 156,
    "fields": {
      "name": "Can add log entry",
      "content_type": 40,
      "codename": "add_logentry"
    }
  },
  {
    "model": "auth.permission",
    "pk": 157,
    "fields": {
      "name": "Can change log entry",
      "content_type": 40,
      "codename": "change_logentry"
    }
  },
  {
    "model": "auth.permission",
    "pk": 158,
    "fields": {
      "name": "Can delete log entry",
      "content_type": 40,
      "codename": "delete_logentry"
    }
  },
  {
    "model": "auth.permission",
    "pk": 159,
    "fields": {
      "name": "Can view log entry",
      "content_type": 40,
      "codename": "view_logentry"
    }
  },
  {
    "model": "auth.permission",
    "pk": 160,
    "fields": {
      "name": "Can add permission",
      "content_type": 41,
      "codename": "add_permission"
    }
  },
  {
    "model": "auth.permission",
    "pk": 161,
    "fields": {
      "name": "Can change permission",
      "content_type": 41,
      "codename": "change_permission"
    }
  },
  {
    "model": "auth.permission",
    "pk": 162,
    "fields": {
      "name": "Can delete permission",
      "content_type": 41,
      "codename": "delete_permission"
    }
  },
  {
    "model": "auth.permission",
    "pk": 163,
    "fields": {
      "name": "Can view permission",
      "content_type": 41,
      "codename": "view_permission"
    }
  },
  {
    "model": "auth.permission",
    "pk": 164,
    "fields": {
      "name": "Can add group",
      "content_type": 42,
      "codename": "add_group"
    }
  },
  {
    "model": "auth.permission",
    "pk": 165,
    "fields": {
      "name": "Can change group",
      "content_type": 42,
      "codename": "change_group"
    }
  },
  {
    "model": "auth.permission",
    "pk": 166,
    "fields": {
      "name": "Can delete group",
      "content_type": 42,
      "codename": "delete_group"
    }
  },
  {
    "model": "auth.permission",
    "pk": 167,
    "fields": {
      "name": "Can view group",
      "content_type": 42,
      "codename": "view_group"
    }
  },
  {
    "model": "auth.permission",
    "pk": 168,
    "fields": {
      "name": "Can add user",
      "content_type": 43,
      "codename": "add_user"
    }
  },
  {
    "model": "auth.permission",
    "pk": 169,
    "fields": {
      "name": "Can change user",
      "content_type": 43,
      "codename": "change_user"
    }
  },
  {
    "model": "auth.permission",
    "pk": 170,
    "fields": {
      "name": "Can delete user",
      "content_type": 43,
      "codename": "delete_user"
    }
  },
  {
    "model": "auth.permission",
    "pk": 171,
    "fields": {
      "name": "Can view user",
      "content_type": 43,
      "codename": "view_user"
    }
  },
  {
    "model": "auth.permission",
    "pk": 172,
    "fields": {
      "name": "Can add content type",
      "content_type": 44,
      "codename": "add_contenttype"
    }
  },
  {
    "model": "auth.permission",
    "pk": 173,
    "fields": {
      "name": "Can change content type",
      "content_type": 44,
      "codename": "change_contenttype"
    }
  },
  {
    "model": "auth.permission",
    "pk": 174,
    "fields": {
      "name": "Can delete content type",
      "content_type": 44,
      "codename": "delete_contenttype"
    }
  },
  {
    "model": "auth.permission",
    "pk": 175,
    "fields": {
      "name": "Can view content type",
      "content_type": 44,
      "codename": "view_contenttype"
    }
  },
  {
    "model": "auth.permission",
    "pk": 176,
    "fields": {
      "name": "Can add session",
      "content_type": 45,
      "codename": "add_session"
    }
  },
  {
    "model": "auth.permission",
    "pk": 177,
    "fields": {
      "name": "Can change session",
      "content_type": 45,
      "codename": "change_session"
    }
  },
  {
    "model": "auth.permission",
    "pk": 178,
    "fields": {
      "name": "Can delete session",
      "content_type": 45,
      "codename": "delete_session"
    }
  },
  {
    "model": "auth.permission",
    "pk": 179,
    "fields": {
      "name": "Can view session",
      "content_type": 45,
      "codename": "view_session"
    }
  },
  {
    "model": "auth.group",
    "pk": 1,
    "fields": {
      "name": "Moderators",
      "permissions": [1, 2, 3, 5, 4, 6, 7, 9, 8]
    }
  },
  {
    "model": "auth.group",
    "pk": 2,
    "fields": { "name": "Editors", "permissions": [1, 2, 3, 5, 4, 6, 7, 9, 8] }
  },
  {
    "model": "auth.user",
    "pk": 1,
    "fields": {
      "password": "pbkdf2_sha256$260000$IYKnuJmGbDqW4X2rKBY3kK$6MRoz5jhGzRX2dnrmdyMoKEOgYa9jVYyv56tKsYOUxA=",
      "last_login": "2022-04-20T19:36:47.469Z",
      "is_superuser": true,
      "username": "admin",
      "first_name": "Admin",
      "last_name": "Admin",
      "email": "admin@example.com",
      "is_staff": true,
      "is_active": true,
      "date_joined": "2022-04-20T19:36:40.437Z",
      "groups": [],
      "user_permissions": []
    }
  },
  {
    "model": "contenttypes.contenttype",
    "pk": 1,
    "fields": { "app_label": "wagtailcore", "model": "page" }
  },
  {
    "model": "contenttypes.contenttype",
    "pk": 2,
    "fields": { "app_label": "wagtailcore", "model": "groupapprovaltask" }
  },
  {
    "model": "contenttypes.contenttype",
    "pk": 3,
    "fields": { "app_label": "wagtailadmin", "model": "admin" }
  },
  {
    "model": "contenttypes.contenttype",
    "pk": 4,
    "fields": { "app_label": "wagtaildocs", "model": "document" }
  },
  {
    "model": "contenttypes.contenttype",
    "pk": 5,
    "fields": { "app_label": "wagtailimages", "model": "image" }
  },
  {
    "model": "contenttypes.contenttype",
    "pk": 6,
    "fields": { "app_label": "home", "model": "basepage" }
  },
  {
    "model": "contenttypes.contenttype",
    "pk": 7,
    "fields": { "app_label": "home", "model": "authorpage" }
  },
  {
    "model": "contenttypes.contenttype",
    "pk": 8,
    "fields": { "app_label": "wagtailforms", "model": "formsubmission" }
  },
  {
    "model": "contenttypes.contenttype",
    "pk": 9,
    "fields": { "app_label": "wagtailredirects", "model": "redirect" }
  },
  {
    "model": "contenttypes.contenttype",
    "pk": 10,
    "fields": { "app_label": "wagtailembeds", "model": "embed" }
  },
  {
    "model": "contenttypes.contenttype",
    "pk": 11,
    "fields": { "app_label": "wagtailusers", "model": "userprofile" }
  },
  {
    "model": "contenttypes.contenttype",
    "pk": 12,
    "fields": { "app_label": "wagtaildocs", "model": "uploadeddocument" }
  },
  {
    "model": "contenttypes.contenttype",
    "pk": 13,
    "fields": { "app_label": "wagtailimages", "model": "rendition" }
  },
  {
    "model": "contenttypes.contenttype",
    "pk": 14,
    "fields": { "app_label": "wagtailimages", "model": "uploadedimage" }
  },
  {
    "model": "contenttypes.contenttype",
    "pk": 15,
    "fields": { "app_label": "wagtailsearch", "model": "query" }
  },
  {
    "model": "contenttypes.contenttype",
    "pk": 16,
    "fields": { "app_label": "wagtailsearch", "model": "querydailyhits" }
  },
  {
    "model": "contenttypes.contenttype",
    "pk": 17,
    "fields": { "app_label": "wagtailsearch", "model": "indexentry" }
  },
  {
    "model": "contenttypes.contenttype",
    "pk": 18,
    "fields": { "app_label": "wagtailsearch", "model": "sqliteftsindexentry" }
  },
  {
    "model": "contenttypes.contenttype",
    "pk": 19,
    "fields": { "app_label": "wagtailcore", "model": "grouppagepermission" }
  },
  {
    "model": "contenttypes.contenttype",
    "pk": 20,
    "fields": { "app_label": "wagtailcore", "model": "pagerevision" }
  },
  {
    "model": "contenttypes.contenttype",
    "pk": 21,
    "fields": { "app_label": "wagtailcore", "model": "pageviewrestriction" }
  },
  {
    "model": "contenttypes.contenttype",
    "pk": 22,
    "fields": { "app_label": "wagtailcore", "model": "site" }
  },
  {
    "model": "contenttypes.contenttype",
    "pk": 23,
    "fields": { "app_label": "wagtailcore", "model": "collection" }
  },
  {
    "model": "contenttypes.contenttype",
    "pk": 24,
    "fields": {
      "app_label": "wagtailcore",
      "model": "groupcollectionpermission"
    }
  },
  {
    "model": "contenttypes.contenttype",
    "pk": 25,
    "fields": {
      "app_label": "wagtailcore",
      "model": "collectionviewrestriction"
    }
  },
  {
    "model": "contenttypes.contenttype",
    "pk": 26,
    "fields": { "app_label": "wagtailcore", "model": "task" }
  },
  {
    "model": "contenttypes.contenttype",
    "pk": 27,
    "fields": { "app_label": "wagtailcore", "model": "taskstate" }
  },
  {
    "model": "contenttypes.contenttype",
    "pk": 28,
    "fields": { "app_label": "wagtailcore", "model": "workflow" }
  },
  {
    "model": "contenttypes.contenttype",
    "pk": 29,
    "fields": { "app_label": "wagtailcore", "model": "workflowstate" }
  },
  {
    "model": "contenttypes.contenttype",
    "pk": 30,
    "fields": { "app_label": "wagtailcore", "model": "workflowpage" }
  },
  {
    "model": "contenttypes.contenttype",
    "pk": 31,
    "fields": { "app_label": "wagtailcore", "model": "workflowtask" }
  },
  {
    "model": "contenttypes.contenttype",
    "pk": 32,
    "fields": { "app_label": "wagtailcore", "model": "pagelogentry" }
  },
  {
    "model": "contenttypes.contenttype",
    "pk": 33,
    "fields": { "app_label": "wagtailcore", "model": "locale" }
  },
  {
    "model": "contenttypes.contenttype",
    "pk": 34,
    "fields": { "app_label": "wagtailcore", "model": "comment" }
  },
  {
    "model": "contenttypes.contenttype",
    "pk": 35,
    "fields": { "app_label": "wagtailcore", "model": "commentreply" }
  },
  {
    "model": "contenttypes.contenttype",
    "pk": 36,
    "fields": { "app_label": "wagtailcore", "model": "pagesubscription" }
  },
  {
    "model": "contenttypes.contenttype",
    "pk": 37,
    "fields": { "app_label": "wagtailcore", "model": "modellogentry" }
  },
  {
    "model": "contenttypes.contenttype",
    "pk": 38,
    "fields": { "app_label": "taggit", "model": "tag" }
  },
  {
    "model": "contenttypes.contenttype",
    "pk": 39,
    "fields": { "app_label": "taggit", "model": "taggeditem" }
  },
  {
    "model": "contenttypes.contenttype",
    "pk": 40,
    "fields": { "app_label": "admin", "model": "logentry" }
  },
  {
    "model": "contenttypes.contenttype",
    "pk": 41,
    "fields": { "app_label": "auth", "model": "permission" }
  },
  {
    "model": "contenttypes.contenttype",
    "pk": 42,
    "fields": { "app_label": "auth", "model": "group" }
  },
  {
    "model": "contenttypes.contenttype",
    "pk": 43,
    "fields": { "app_label": "auth", "model": "user" }
  },
  {
    "model": "contenttypes.contenttype",
    "pk": 44,
    "fields": { "app_label": "contenttypes", "model": "contenttype" }
  },
  {
    "model": "contenttypes.contenttype",
    "pk": 45,
    "fields": { "app_label": "sessions", "model": "session" }
  },
  {
    "model": "sessions.session",
    "pk": "z6mggx2kelunzdij560eb3w0m7bssg61",
    "fields": {
      "session_data": ".eJxVjEEOwiAURO_C2pACn1K7dO8ZyAd-LWrAQJtojHe3JF3oLGYxb2bezOK6zHatVGwMbGSCHX4zh_5GqYFwxXTJ3Oe0lOh4q_CdVn7Oge6nvft3MGOd29qDkVpq48URRNiMej1gR04aggE3KeoFQI8qOB_QD5MWoIkUKdVN7bRSrTEnS89HLC82dp8viGs_YA:1nhG87:Y16fm3pW77Vu0hBj3sI4Kmxze3CUmJiiyJrKKDNmwtw",
      "expire_date": "2022-05-04T19:36:47.471Z"
    }
  }
]
